{
  "XGBoost_standalone": {
    "model": "XGBoost_standalone",
    "overall": {
      "MAE": 0.01484188437461853,
      "RMSE": 0.024077899754047394,
      "MAPE": 563.1232299804688,
      "R2": 0.007622241973876953,
      "DirectionalAccuracy": 0.6265306122448979
    },
    "per_horizon": {
      "mae": [
        0.005575936753302813,
        0.00866351556032896,
        0.010069848038256168,
        0.012363133020699024,
        0.015174050815403461,
        0.015427626669406891,
        0.017867591232061386,
        0.019557779654860497,
        0.021230103448033333,
        0.022489260882139206
      ],
      "rmse": [
        0.008223467506468296,
        0.011651904322206974,
        0.013531762175261974,
        0.016108982264995575,
        0.020080793648958206,
        0.02418101206421852,
        0.028020402416586876,
        0.03140873834490776,
        0.034129951149225235,
        0.035028375685214996
      ],
      "directional_accuracy": [
        0.5510204081632653,
        0.5510204081632653,
        0.46938775510204084,
        0.5102040816326531,
        0.6530612244897959,
        0.7142857142857143,
        0.7142857142857143,
        0.6938775510204082,
        0.7142857142857143,
        0.6938775510204082
      ]
    },
    "regime_segmented": {
      "stable": {
        "n_samples": 34,
        "mae": 0.009823926724493504,
        "rmse": 0.013081825338304043,
        "directional_accuracy": 0.5441176470588235
      },
      "high_volatility": {
        "n_samples": 15,
        "mae": 0.026215922087430954,
        "rmse": 0.03880631923675537,
        "directional_accuracy": 0.8133333333333334
      }
    }
  },
  "Hybrid_CNN_LSTM_Transformer": {
    "model": "Hybrid_CNN_LSTM_Transformer",
    "overall": {
      "MAE": 0.01471469271928072,
      "RMSE": 0.024045325815677643,
      "MAPE": 468.75018310546875,
      "R2": 0.010305464267730713,
      "DirectionalAccuracy": 0.6408163265306123,
      "ClassifierDirectionalAccuracy": 0.47959183673469385
    },
    "per_horizon": {
      "mae": [
        0.004947890993207693,
        0.008230490610003471,
        0.009879832156002522,
        0.012279391288757324,
        0.0150722935795784,
        0.015421999618411064,
        0.017863666638731956,
        0.019558139145374298,
        0.02117796055972576,
        0.022715259343385696
      ],
      "rmse": [
        0.0078022656962275505,
        0.01138234231621027,
        0.013424629345536232,
        0.01612304337322712,
        0.019875193014740944,
        0.023975728079676628,
        0.027924740687012672,
        0.031350277364254,
        0.03414071351289749,
        0.035399049520492554
      ],
      "directional_accuracy": [
        0.5918367346938775,
        0.5510204081632653,
        0.5306122448979592,
        0.5306122448979592,
        0.673469387755102,
        0.673469387755102,
        0.7346938775510204,
        0.673469387755102,
        0.7346938775510204,
        0.7142857142857143
      ],
      "classifier_directional_accuracy": [
        0.3877551020408163,
        0.6326530612244898,
        0.6530612244897959,
        0.6122448979591837,
        0.3673469387755102,
        0.5306122448979592,
        0.30612244897959184,
        0.32653061224489793,
        0.2653061224489796,
        0.7142857142857143
      ]
    },
    "regime_segmented": {
      "stable": {
        "n_samples": 34,
        "mae": 0.009693820960819721,
        "rmse": 0.012956475839018822,
        "directional_accuracy": 0.5470588235294118,
        "classifier_directional_accuracy": 0.4970588235294118
      },
      "high_volatility": {
        "n_samples": 15,
        "mae": 0.026095332577824593,
        "rmse": 0.03883565217256546,
        "directional_accuracy": 0.8533333333333334,
        "classifier_directional_accuracy": 0.44
      }
    }
  },
  "Vanilla_LSTM": {
    "model": "Vanilla_LSTM",
    "overall": {
      "MAE": 0.018519436940550804,
      "RMSE": 0.026191692799329758,
      "MAPE": 1701.164306640625,
      "R2": -0.17426741123199463,
      "DirectionalAccuracy": 0.563265306122449,
      "ClassifierDirectionalAccuracy": 0.48367346938775513
    },
    "per_horizon": {
      "mae": [
        0.01398641336709261,
        0.01462622918188572,
        0.012861480936408043,
        0.012695233337581158,
        0.014347202144563198,
        0.019999437034130096,
        0.020608751103281975,
        0.02991650253534317,
        0.021641748026013374,
        0.024511367082595825
      ],
      "rmse": [
        0.015562652610242367,
        0.01759655959904194,
        0.016404882073402405,
        0.016429385170340538,
        0.019822213798761368,
        0.026909025385975838,
        0.029770441353321075,
        0.03818558529019356,
        0.03211577609181404,
        0.03572550043463707
      ],
      "directional_accuracy": [
        0.6122448979591837,
        0.6326530612244898,
        0.3673469387755102,
        0.6122448979591837,
        0.6326530612244898,
        0.4489795918367347,
        0.6326530612244898,
        0.42857142857142855,
        0.7346938775510204,
        0.5306122448979592
      ],
      "classifier_directional_accuracy": [
        0.6122448979591837,
        0.3673469387755102,
        0.3469387755102041,
        0.3877551020408163,
        0.3673469387755102,
        0.4489795918367347,
        0.6938775510204082,
        0.673469387755102,
        0.2653061224489796,
        0.673469387755102
      ]
    },
    "regime_segmented": {
      "stable": {
        "n_samples": 34,
        "mae": 0.01342176552861929,
        "rmse": 0.01658022776246071,
        "directional_accuracy": 0.5529411764705883,
        "classifier_directional_accuracy": 0.5
      },
      "high_volatility": {
        "n_samples": 15,
        "mae": 0.03007415682077408,
        "rmse": 0.040222302079200745,
        "directional_accuracy": 0.5866666666666667,
        "classifier_directional_accuracy": 0.44666666666666666
      }
    }
  },
  "Simplified_TFT": {
    "model": "Simplified_TFT",
    "overall": {
      "MAE": 0.031036196276545525,
      "RMSE": 0.03930208459496498,
      "MAPE": 2152.1806640625,
      "R2": -1.6440579891204834,
      "DirectionalAccuracy": 0.49183673469387756,
      "ClassifierDirectionalAccuracy": 0.5448979591836735
    },
    "per_horizon": {
      "mae": [
        0.014004889875650406,
        0.021407851949334145,
        0.02974510006606579,
        0.034159719944000244,
        0.022783678025007248,
        0.05752038583159447,
        0.029703769832849503,
        0.03197871148586273,
        0.023892976343631744,
        0.04516489803791046
      ],
      "rmse": [
        0.017434878274798393,
        0.023176927119493484,
        0.035603247582912445,
        0.03712726756930351,
        0.02664780057966709,
        0.06237342581152916,
        0.03483572602272034,
        0.043937280774116516,
        0.03350041061639786,
        0.05561050400137901
      ],
      "directional_accuracy": [
        0.6326530612244898,
        0.3673469387755102,
        0.46938775510204084,
        0.3877551020408163,
        0.3469387755102041,
        0.6122448979591837,
        0.6938775510204082,
        0.3877551020408163,
        0.7346938775510204,
        0.2857142857142857
      ],
      "classifier_directional_accuracy": [
        0.6122448979591837,
        0.5714285714285714,
        0.6530612244897959,
        0.3877551020408163,
        0.3673469387755102,
        0.3877551020408163,
        0.6938775510204082,
        0.32653061224489793,
        0.7346938775510204,
        0.7142857142857143
      ]
    },
    "regime_segmented": {
      "stable": {
        "n_samples": 34,
        "mae": 0.027635186910629272,
        "rmse": 0.03375929966568947,
        "directional_accuracy": 0.49411764705882355,
        "classifier_directional_accuracy": 0.5441176470588235
      },
      "high_volatility": {
        "n_samples": 15,
        "mae": 0.038745153695344925,