{
  "Hybrid_CNN_LSTM_Transformer": {
    "model": "Hybrid_CNN_LSTM_Transformer",
    "overall": {
      "MAE": 0.020927036181092262,
      "RMSE": 0.02896164171397686,
      "MAPE": 629.7695922851562,
      "R2": -0.12238359451293945,
      "DirectionalAccuracy": 0.521933471933472,
      "DirAcc@20pctCoverage": 0.5504158004158004,
      "DirAcc@10pctCoverage": 0.5883575883575883,
      "ClassifierDirectionalAccuracy": 0.4373180873180873
    },
    "per_horizon": {
      "mae": [
        0.008724519982933998,
        0.012903413735330105,
        0.016541577875614166,
        0.01885084994137287,
        0.020310526713728905,
        0.02213997207581997,
        0.024402189999818802,
        0.026465164497494698,
        0.028264068067073822,
        0.030668091028928757
      ],
      "rmse": [
        0.012473317794501781,
        0.017521526664495468,
        0.021908992901444435,
        0.025176262483000755,
        0.027123060077428818,
        0.029587890952825546,
        0.03233613446354866,
        0.034813277423381805,
        0.03696347773075104,
        0.0397031269967556
      ],
      "directional_accuracy": [
        0.527027027027027,
        0.49064449064449067,
        0.4594594594594595,
        0.4968814968814969,
        0.5280665280665281,
        0.5634095634095634,
        0.5519750519750519,
        0.5405405405405406,
        0.5436590436590436,
        0.5176715176715176
      ],
      "classifier_directional_accuracy": [
        0.446985446985447,
        0.4365904365904366,
        0.44594594594594594,
        0.43555093555093555,
        0.4178794178794179,
        0.5758835758835759,
        0.3981288981288981,
        0.40436590436590436,
        0.4074844074844075,
        0.40436590436590436
      ]
    },
    "regime_segmented": {
      "stable": {
        "n_samples": 673,
        "mae": 0.018393002450466156,
        "rmse": 0.024657806381583214,
        "directional_accuracy": 0.5225854383358098,
        "classifier_directional_accuracy": 0.4359583952451709
      },
      "high_volatility": {
        "n_samples": 289,
        "mae": 0.026828095316886902,
        "rmse": 0.037096813321113586,
        "directional_accuracy": 0.5204152249134948,
        "classifier_directional_accuracy": 0.4404844290657439
      }
    },
    "event_window": {
      "n_event_origins": 83,
      "event_coverage": 0.08627858627858628,
      "DirAcc_event": 0.5144578313253012,
      "DirAcc_nonevent": 0.5226393629124004,
      "MAE_event": 0.021063687279820442
    },
    "calibrated_abstention": {
      "conf_quantile": 0.85,
      "tau": 0.014916125684976578,
      "val_selective_acc": 0.48010973936899864,
      "val_coverage": 0.15,
      "test_coverage": 0.18794178794178795,
      "test_selective_acc": 0.5486725663716814,
      "test_acc_unfiltered": 0.521933471933472
    }
  },
  "Vanilla_LSTM": {
    "model": "Vanilla_LSTM",
    "overall": {
      "MAE": 0.019743483513593674,
      "RMSE": 0.027582431212067604,
      "MAPE": 480.94976806640625,
      "R2": -0.018028736114501953,
      "DirectionalAccuracy": 0.5353430353430353,
      "DirAcc@20pctCoverage": 0.6023908523908524,
      "DirAcc@10pctCoverage": 0.6101871101871101,
      "ClassifierDirectionalAccuracy": 0.46153846153846156
    },
    "per_horizon": {
      "mae": [
        0.009153810329735279,
        0.012708796188235283,
        0.015179102309048176,
        0.017531316727399826,
        0.019439054653048515,
        0.021751349791884422,
        0.02327735349535942,
        0.024353859946131706,
        0.026130108162760735,
        0.02791009284555912
      ],
      "rmse": [
        0.012942328117787838,
        0.017661580815911293,
        0.02065153606235981,
        0.023493023589253426,
        0.026052940636873245,
        0.029128579422831535,
        0.03138865530490875,
        0.032905369997024536,
        0.03475336730480194,
        0.03670181706547737
      ],
      "directional_accuracy": [
        0.47505197505197505,
        0.5592515592515592,
        0.5145530145530145,
        0.5665280665280665,
        0.5904365904365905,
        0.49272349272349275,
        0.5207900207900208,
        0.5769230769230769,
        0.5561330561330561,
        0.501039501039501
      ],
      "classifier_directional_accuracy": [
        0.446985446985447,
        0.4365904365904366,
        0.44594594594594594,
        0.43555093555093555,
        0.4178794178794179,
        0.42411642411642414,
        0.6018711018711018,
        0.5945945945945946,
        0.4074844074844075,
        0.40436590436590436
      ]
    },
    "regime_segmented": {
      "stable": {
        "n_samples": 673,
        "mae": 0.017702864482998848,
        "rmse": 0.023584093898534775,
        "directional_accuracy": 0.52481426448737,
        "classifier_directional_accuracy": 0.4578008915304606
      },
      "high_volatility": {
        "n_samples": 289,
        "mae": 0.024495519697666168,
        "rmse": 0.03517388552427292,
        "directional_accuracy": 0.5598615916955018,
        "classifier_directional_accuracy": 0.47024221453287196
      }
    },
    "event_window": {
      "n_event_origins": 83,
      "event_coverage": 0.08627858627858628,
      "DirAcc_event": 0.4819277108433735,
      "DirAcc_nonevent": 0.540386803185438,
      "MAE_event": 0.01974257081747055
    }
  },
  "Simplified_TFT": {
    "model": "Simplified_TFT",
    "overall": {
      "MAE": 0.019847489893436432,
      "RMSE": 0.02768711932003498,
      "MAPE": 424.27410888671875,
      "R2": -0.025771260261535645,
      "DirectionalAccuracy": 0.5292099792099793,
      "DirAcc@20pctCoverage": 0.581081081081081,
      "DirAcc@10pctCoverage": 0.603950103950104,
      "ClassifierDirectionalAccuracy": 0.5137214137214137
    },
    "per_horizon": {
      "mae": [
        0.008666964247822762,
        0.012331576086580753,
        0.015169530175626278,
        0.017659874632954597,
        0.0195522028952837,
        0.021874815225601196,
        0.02325681410729885,
        0.026249805465340614,
        0.025716440752148628,
        0.027996907010674477
      ],
      "rmse": [
        0.012438375502824783,
        0.017132051289081573,
        0.020638754591345787,
        0.02371251955628395,
        0.02615884505212307,
        0.029170310124754906,
        0.031161023303866386,
        0.03467811271548271,
        0.03405861556529999,
        0.036885518580675125
      ],
      "directional_accuracy": [
        0.5363825363825364,
        0.5509355509355509,
        0.5103950103950103,
        0.5634095634095634,
        0.5821205821205822,
        0.5228690228690228,
        0.5613305613305614,
        0.40540540540540543,
        0.5977130977130977,
        0.46153846153846156
      ],
      "classifier_directional_accuracy": [
        0.5519750519750519,
        0.5613305613305614,
        0.44594594594594594,
        0.5634095634095634,
        0.5821205821205822,
        0.42411642411642414,
        0.6018711018711018,
        0.5945945945945946,
        0.4074844074844075,
        0.40436590436590436
      ]
    },
    "regime_segmented": {
      "stable": {
        "n_samples": 673,
        "mae": 0.017672721296548843,
        "rmse": 0.023675553500652313,
        "directional_accuracy": 0.5337295690936107,
        "classifier_directional_accuracy": 0.5148588410104011
      },
      "high_volatility": {
        "n_samples": 289,
        "mae": 0.02491193264722824,
        "rmse": 0.03530434891581535,
        "directional_accuracy": 0.5186851211072664,
        "classifier_directional_accuracy": 0.5110726643598615
      }
    },
    "event_window": {
      "n_event_origins": 83,
      "event_coverage": 0.08627858627858628,
      "DirAcc_event": 0.5144578313253012,
      "DirAcc_nonevent": 0.5306029579067122,
      "MAE_event": 0.019368821755051613
    }
  },
  "ARIMA": {
    "model": "ARIMA",
    "overall": {
      "MAE": 0.017030423507094383,
      "RMSE": 0.02469632588326931,
      "MAPE": 101.9428939819336,