{
  "Hybrid_CNN_LSTM_Transformer": {
    "model": "Hybrid_CNN_LSTM_Transformer",
    "overall": {
      "MAE": 0.043605104088783264,
      "RMSE": 0.05792005732655525,
      "MAPE": 4011.74365234375,
      "R2": -0.6019020080566406,
      "DirectionalAccuracy": 0.4774193548387097,
      "DirAcc@20pctCoverage": 0.4435483870967742,
      "DirAcc@10pctCoverage": 0.43548387096774194,
      "ClassifierDirectionalAccuracy": 0.5185483870967742
    },
    "per_horizon": {
      "mae": [
        0.019170554354786873,
        0.026566723361611366,
        0.03308563679456711,
        0.03850124776363373,
        0.04114159569144249,
        0.04727554693818092,
        0.04754481092095375,
        0.05217213183641434,
        0.06621880829334259,
        0.06437397748231888
      ],
      "rmse": [
        0.0249203871935606,
        0.035184189677238464,
        0.04241390898823738,
        0.048702139407396317,
        0.051884040236473083,
        0.060357436537742615,
        0.061110720038414,
        0.0671190470457077,
        0.08026432991027832,
        0.08062703907489777
      ],
      "directional_accuracy": [
        0.45161290322580644,
        0.47580645161290325,
        0.5161290322580645,
        0.5080645161290323,
        0.46774193548387094,
        0.5080645161290323,
        0.5080645161290323,
        0.47580645161290325,
        0.4274193548387097,
        0.43548387096774194
      ],
      "classifier_directional_accuracy": [
        0.5161290322580645,
        0.49193548387096775,
        0.49193548387096775,
        0.532258064516129,
        0.4596774193548387,
        0.4274193548387097,
        0.5564516129032258,
        0.5725806451612904,
        0.5725806451612904,
        0.5645161290322581
      ]
    },
    "regime_segmented": {
      "stable": {
        "n_samples": 87,
        "mae": 0.049421779811382294,
        "rmse": 0.06360278278589249,
        "directional_accuracy": 0.40344827586206894,
        "classifier_directional_accuracy": 0.5609195402298851
      },
      "high_volatility": {
        "n_samples": 37,
        "mae": 0.0299280546605587,
        "rmse": 0.041604530066251755,
        "directional_accuracy": 0.6513513513513514,
        "classifier_directional_accuracy": 0.4189189189189189
      }
    },
    "event_window": {
      "n_event_origins": 11,
      "event_coverage": 0.08870967741935484,
      "DirAcc_event": 0.5545454545454546,
      "DirAcc_nonevent": 0.46991150442477875,
      "MAE_event": 0.03243391215801239
    },
    "calibrated_abstention": {
      "conf_quantile": 0.9,
      "tau": 0.03387744352221489,
      "mode": "follow",
      "val_selective_acc": 0.7910447761194029,
      "val_coverage": 0.1,
      "test_coverage": 0.32661290322580644,
      "test_selective_acc": 0.43209876543209874,
      "test_acc_unfiltered": 0.4774193548387097
    },
    "backtest": {
      "mode": "follow",
      "tau": 0.009087985381484032,
      "cost_bps_per_change": 2.0,
      "n_bars": 124,
      "time_in_market": 0.6209677419354839,
      "n_transactions": 45,
      "hit_rate_when_in": 0.4935064935064935,
      "total_return_log": 0.01891300082206726,
      "total_return_pct": 1.9092984199523926,
      "buy_hold_return_pct": -4.11565637588501,
      "annualised_sharpe": 0.13038239194812873,
      "buy_hold_sharpe": -0.24785415273151773,
      "max_drawdown_log": -0.15537428855895996,
      "equity_curve": [
        -0.01909705623984337,
        -0.02765437588095665,
        -0.027164187282323837,
        -0.037930216640233994,
        0.00815800204873085,
        0.007958002388477325,
        0.007958002388477325,
        0.007958002388477325,
        0.007958002388477325,
        0.007958002388477325,
        0.007958002388477325,
        0.007958002388477325,
        0.007958002388477325,
        0.007958002388477325,
        0.011042457073926926,
        0.010842457413673401,
        0.010842457413673401,
        0.010842457413673401,
        0.010842457413673401,
        0.010842457413673401,
        -0.005168508738279343,
        -0.005368508864194155,
        -0.026154521852731705,
        -0.02619362249970436,
        -0.06891059875488281,
        -0.07207489013671875,
        0.04858207702636719,
        0.04838207736611366,
        0.04838207736611366,
        0.04478222876787186,
        0.05684620887041092,
        0.056646209210157394,
        0.056646209210157394,
        0.06581510603427887,
        0.06561510264873505,
        0.09501142799854279,
        0.09481142461299896,
        0.09481142461299896,
        0.09481142461299896,
        0.09673906862735748,
        0.09653906524181366,
        0.06800444424152374,
        0.07744486629962921,
        0.07724486291408539,
        0.08280409872531891,
        0.0724262148141861,
        0.06028403341770172,
        0.09624327719211578,
        0.09604327380657196,
        0.09604327380657196,
        0.09604327380657196,
        0.10651011765003204,
        0.10631011426448822,
        0.11809398233890533,
        0.11789397895336151,
        0.11789397895336151,
        0.11789397895336151,
        0.11789397895336151,
        0.11789397895336151,
        0.056730348616838455,
        0.05012233927845955,
        0.013057786971330643,
        0.012857787311077118,
        0.04629578813910484,
        0.04609578847885132,
        0.07217332720756531,
        0.07197332382202148,
        0.09828546643257141,
        0.1270444691181183,
        0.12684446573257446,
        0.1277831494808197,
        0.12784704566001892,
        0.1276470422744751,
        0.1276470422744751,
        0.1276470422744751,
        0.12334337830543518,
        0.14061155915260315,
        0.14041155576705933,
        0.13716551661491394,
        0.15214011073112488,
        0.15194010734558105,
        0.12897208333015442,
        0.136203795671463,
        0.1360037922859192,
        0.13945254683494568,
        0.13925254344940186,
        0.12094417214393616,
        0.11080947518348694,
        0.1259843409061432,
        0.12927260994911194,
        0.10513892769813538,
        0.113138347864151,
        0.14044108986854553,
        0.1402410864830017,
        0.1402410864830017,
        0.13968059420585632,
        0.1309325397014618,
        0.1352202594280243,
        0.1310393512248993,
        0.10454818606376648,
        0.10382339358329773,
        0.09362384676933289,
        0.09915611147880554,
        0.10103008151054382,
        0.09688064455986023,
        0.0923134982585907,
        0.08048984408378601,
        0.0920693576335907,
        0.10557910799980164,
        0.0866982638835907,
        0.08979961276054382,
        0.07805797457695007,
        0.08683273196220398,
        0.05535289645195007,
        0.05507633090019226,
        0.03741618990898132,
        0.0011326968669891357,
        -0.003234177827835083,
        0.02679702639579773,
        0.05325290560722351,
        0.0539223849773407,
        0.060367316007614136,
        0.02895328402519226,
        0.01891300082206726
      ],