{
  "XGBoost_standalone": {
    "model": "XGBoost_standalone",
    "overall": {
      "MAE": 0.02235584333539009,
      "RMSE": 0.03212149813771248,
      "MAPE": 337.4052429199219,
      "R2": -0.15849244594573975,
      "DirectionalAccuracy": 0.5387362637362637
    },
    "per_horizon": {
      "mae": [
        0.009135638363659382,
        0.013925068080425262,
        0.018397919833660126,
        0.019760707393288612,
        0.021656634286046028,
        0.024900514632463455,
        0.026002097874879837,
        0.027740085497498512,
        0.030157025903463364,
        0.03188273683190346
      ],
      "rmse": [
        0.013522068969905376,
        0.020346907898783684,
        0.02570493146777153,
        0.028144773095846176,
        0.030629415065050125,
        0.034442659467458725,
        0.03576667606830597,
        0.037726618349552155,
        0.04022785276174545,
        0.042695436626672745
      ],
      "directional_accuracy": [
        0.5659340659340659,
        0.5467032967032966,
        0.5164835164835165,
        0.5164835164835165,
        0.5576923076923077,
        0.5521978021978022,
        0.5467032967032966,
        0.532967032967033,
        0.532967032967033,
        0.5192307692307693
      ]
    },
    "regime_segmented": {
      "stable": {
        "n_samples": 255,
        "mae": 0.01671915128827095,
        "rmse": 0.02491592802107334,
        "directional_accuracy": 0.5603921568627451
      },
      "high_volatility": {
        "n_samples": 109,
        "mae": 0.035542599856853485,
        "rmse": 0.04464609920978546,
        "directional_accuracy": 0.48807339449541287
      }
    }
  },
  "Hybrid_CNN_LSTM_Transformer": {
    "model": "Hybrid_CNN_LSTM_Transformer",
    "overall": {
      "MAE": 0.022868307307362556,
      "RMSE": 0.03280412405729294,
      "MAPE": 364.3721923828125,
      "R2": -0.20825481414794922,
      "DirectionalAccuracy": 0.5373626373626373,
      "ClassifierDirectionalAccuracy": 0.5115384615384615
    },
    "per_horizon": {
      "mae": [
        0.00907058548182249,
        0.013990109786391258,
        0.018540164455771446,
        0.01996968314051628,
        0.022259440273046494,
        0.0257725827395916,
        0.026791321113705635,
        0.02851180173456669,
        0.03109714575111866,
        0.032680243253707886
      ],
      "rmse": [
        0.013485676608979702,
        0.020434528589248657,
        0.02589704468846321,
        0.028504909947514534,
        0.031416360288858414,
        0.03544299304485321,
        0.036714326590299606,
        0.03865312039852142,
        0.041240524500608444,
        0.04350292310118675
      ],
      "directional_accuracy": [
        0.5439560439560439,
        0.5384615384615384,
        0.5302197802197802,
        0.510989010989011,
        0.5521978021978022,
        0.5521978021978022,
        0.5576923076923077,
        0.5274725274725275,
        0.532967032967033,
        0.5274725274725275
      ],
      "classifier_directional_accuracy": [
        0.46703296703296704,
        0.5054945054945055,
        0.5082417582417582,
        0.489010989010989,
        0.4945054945054945,
        0.5467032967032966,
        0.5384615384615384,
        0.554945054945055,
        0.5412087912087912,
        0.4697802197802198
      ]
    },
    "regime_segmented": {
      "stable": {
        "n_samples": 255,
        "mae": 0.01727147214114666,
        "rmse": 0.025811437517404556,
        "directional_accuracy": 0.5564705882352942,
        "classifier_directional_accuracy": 0.5086274509803922
      },
      "high_volatility": {
        "n_samples": 109,
        "mae": 0.0359618179500103,
        "rmse": 0.045111022889614105,
        "directional_accuracy": 0.4926605504587156,
        "classifier_directional_accuracy": 0.518348623853211
      }
    }
  },
  "Vanilla_LSTM": {
    "model": "Vanilla_LSTM",
    "overall": {
      "MAE": 0.0207366906106472,
      "RMSE": 0.030266722664237022,
      "MAPE": 256.2090148925781,
      "R2": -0.028566718101501465,
      "DirectionalAccuracy": 0.5425824175824175,
      "ClassifierDirectionalAccuracy": 0.5096153846153846
    },
    "per_horizon": {
      "mae": [
        0.010665052570402622,
        0.015301836654543877,
        0.015477683395147324,
        0.016960149630904198,
        0.020477324724197388,
        0.02191326767206192,
        0.023343848064541817,
        0.025085894390940666,
        0.02800970897078514,
        0.030132146552205086
      ],
      "rmse": [
        0.014872344210743904,
        0.020685408264398575,
        0.023017598316073418,
        0.025205614045262337,
        0.02842373587191105,
        0.031595055013895035,
        0.032690443098545074,
        0.035309743136167526,
        0.03843982145190239,
        0.04180096834897995
      ],
      "directional_accuracy": [
        0.47527472527472525,
        0.49725274725274726,
        0.5494505494505495,
        0.5521978021978022,
        0.5631868131868132,
        0.5851648351648352,
        0.554945054945055,
        0.5741758241758241,
        0.5384615384615384,
        0.5357142857142857
      ],
      "classifier_directional_accuracy": [
        0.532967032967033,
        0.4945054945054945,
        0.49725274725274726,
        0.510989010989011,
        0.4945054945054945,
        0.48626373626373626,
        0.5384615384615384,
        0.5384615384615384,
        0.45879120879120877,
        0.5439560439560439
      ]
    },
    "regime_segmented": {
      "stable": {
        "n_samples": 255,
        "mae": 0.016000784933567047,
        "rmse": 0.02343384549021721,
        "directional_accuracy": 0.5305882352941177,
        "classifier_directional_accuracy": 0.5094117647058823
      },
      "high_volatility": {
        "n_samples": 109,
        "mae": 0.03181610628962517,
        "rmse": 0.042124662548303604,
        "directional_accuracy": 0.5706422018348624,
        "classifier_directional_accuracy": 0.5100917431192661
      }
    }
  },
  "Simplified_TFT": {
    "model": "Simplified_TFT",
    "overall": {
      "MAE": 0.024456318467855453,
      "RMSE": 0.03624561056494713,
      "MAPE": 362.35369873046875,
      "R2": -0.47506964206695557,
      "DirectionalAccuracy": 0.510989010989011,
      "ClassifierDirectionalAccuracy": 0.48736263736263735
    },
    "per_horizon": {
      "mae": [
        0.008961372077465057,
        0.01354028657078743,
        0.017407089471817017,
        0.02179117128252983,
        0.024296807125210762,
        0.02569091133773327,
        0.030427422374486923,
        0.031987693160772324,
        0.03398139774799347,
        0.03647901862859726
      ],
      "rmse": [
        0.013376167975366116,
        0.020065689459443092,
        0.024895889684557915,
        0.031108731403946877,
        0.03412366658449173,
        0.03569010645151138,
        0.04210945591330528,
        0.044849470257759094,
        0.04672015830874443,
        0.050622809678316116
      ],
      "directional_accuracy": [
        0.510989010989011,
        0.5137362637362637,
        0.5137362637362637,
        0.49725274725274726,
        0.4807692307692308,
        0.5192307692307693,
        0.521978021978022,
        0.5192307692307693,
        0.521978021978022,
        0.510989010989011
      ],
      "classifier_directional_accuracy": [
        0.46703296703296704,
        0.47802197802197804,
        0.49725274725274726,
        0.489010989010989,
        0.4945054945054945,
        0.4835164835164835,
        0.46153846153846156,
        0.5,
        0.45879120879120877,
        0.5439560439560439
      ]
    },
    "regime_segmented": {
      "stable": {
        "n_samples": 255,
        "mae": 0.017150575295090675,
        "rmse": 0.026949506253004074,
        "directional_accuracy": 0.5470588235294118,
        "classifier_directional_accuracy": 0.5101960784313726
      },
      "high_volatility": {
        "n_samples": 109,
        "mae": 0.041547734290361404,