{
  "Hybrid_CNN_LSTM_Transformer": {
    "model": "Hybrid_CNN_LSTM_Transformer",
    "overall": {
      "MAE": 0.0434388592839241,
      "RMSE": 0.05779513716697693,
      "MAPE": 3782.01904296875,
      "R2": -0.5722358226776123,
      "DirectionalAccuracy": 0.44954128440366975,
      "DirAcc@20pctCoverage": 0.45871559633027525,
      "DirAcc@10pctCoverage": 0.5045871559633027,
      "ClassifierDirectionalAccuracy": 0.46238532110091746
    },
    "per_horizon": {
      "mae": [
        0.01910359226167202,
        0.028161602094769478,
        0.03805788606405258,
        0.041418787091970444,
        0.04262974485754967,
        0.044667236506938934,
        0.048101525753736496,
        0.05137709528207779,
        0.0564156174659729,
        0.06445551663637161
      ],
      "rmse": [
        0.024889983236789703,
        0.0373915433883667,
        0.04729076102375984,
        0.051911018788814545,
        0.05374274030327797,
        0.05809471383690834,
        0.06285188347101212,
        0.06671009212732315,
        0.07237305492162704,
        0.08094591647386551
      ],
      "directional_accuracy": [
        0.43119266055045874,
        0.46788990825688076,
        0.45871559633027525,
        0.46788990825688076,
        0.43119266055045874,
        0.44036697247706424,
        0.47706422018348627,
        0.4954128440366973,
        0.43119266055045874,
        0.3944954128440367
      ],
      "classifier_directional_accuracy": [
        0.4954128440366973,
        0.5045871559633027,
        0.48623853211009177,
        0.5596330275229358,
        0.44036697247706424,
        0.3944954128440367,
        0.5871559633027523,
        0.3944954128440367,
        0.3853211009174312,
        0.3761467889908257
      ]
    },
    "regime_segmented": {
      "stable": {
        "n_samples": 76,
        "mae": 0.050035376101732254,
        "rmse": 0.06419061124324799,
        "directional_accuracy": 0.3592105263157895,
        "classifier_directional_accuracy": 0.40657894736842104
      },
      "high_volatility": {
        "n_samples": 33,
        "mae": 0.02824687398970127,
        "rmse": 0.03928808867931366,
        "directional_accuracy": 0.6575757575757576,
        "classifier_directional_accuracy": 0.5909090909090909
      }
    },
    "event_window": {
      "n_event_origins": 7,
      "event_coverage": 0.06422018348623854,
      "DirAcc_event": 0.5857142857142857,
      "DirAcc_nonevent": 0.44019607843137254,
      "MAE_event": 0.02856317162513733
    },
    "calibrated_abstention": {
      "conf_quantile": 0.95,
      "tau": 0.03297047317028046,
      "val_selective_acc": 0.85,
      "val_coverage": 0.05042016806722689,
      "test_coverage": 0.281651376146789,
      "test_selective_acc": 0.4527687296416938,
      "test_acc_unfiltered": 0.44954128440366975
    }
  },
  "Vanilla_LSTM": {
    "model": "Vanilla_LSTM",
    "overall": {
      "MAE": 0.037059906870126724,
      "RMSE": 0.05066269636154175,
      "MAPE": 1420.277099609375,
      "R2": -0.20812451839447021,
      "DirectionalAccuracy": 0.463302752293578,
      "DirAcc@20pctCoverage": 0.4954128440366973,
      "DirAcc@10pctCoverage": 0.5779816513761468,
      "ClassifierDirectionalAccuracy": 0.48623853211009177
    },
    "per_horizon": {
      "mae": [
        0.018951524049043655,
        0.02389734983444214,
        0.030143670737743378,
        0.03806891292333603,
        0.038188956677913666,
        0.04045969992876053,
        0.040056273341178894,
        0.044517915695905685,
        0.05010638013482094,
        0.04620838537812233
      ],
      "rmse": [
        0.02519606426358223,
        0.032721854746341705,
        0.039842113852500916,
        0.048382215201854706,
        0.05025733634829521,
        0.05291805788874626,
        0.055361829698085785,
        0.0586884431540966,
        0.06655234098434448,
        0.06138968467712402
      ],
      "directional_accuracy": [
        0.4954128440366973,
        0.44954128440366975,
        0.5137614678899083,
        0.44036697247706424,
        0.5779816513761468,
        0.3944954128440367,
        0.5045871559633027,
        0.43119266055045874,
        0.42201834862385323,
        0.4036697247706422
      ],
      "classifier_directional_accuracy": [
        0.4954128440366973,
        0.4954128440366973,
        0.48623853211009177,
        0.44036697247706424,
        0.5596330275229358,
        0.3944954128440367,
        0.5871559633027523,
        0.3944954128440367,
        0.3853211009174312,
        0.6238532110091743
      ]
    },
    "regime_segmented": {
      "stable": {
        "n_samples": 76,
        "mae": 0.03991534188389778,
        "rmse": 0.054774973541498184,
        "directional_accuracy": 0.41710526315789476,
        "classifier_directional_accuracy": 0.4789473684210526
      },
      "high_volatility": {
        "n_samples": 33,
        "mae": 0.03048374317586422,
        "rmse": 0.03959975391626358,
        "directional_accuracy": 0.5696969696969697,
        "classifier_directional_accuracy": 0.503030303030303
      }
    },
    "event_window": {
      "n_event_origins": 7,
      "event_coverage": 0.06422018348623854,
      "DirAcc_event": 0.5,
      "DirAcc_nonevent": 0.46078431372549017,
      "MAE_event": 0.029067570343613625
    }
  },
  "Simplified_TFT": {
    "model": "Simplified_TFT",
    "overall": {
      "MAE": 0.04405562952160835,
      "RMSE": 0.057582516223192215,
      "MAPE": 3691.2861328125,
      "R2": -0.5606889724731445,
      "DirectionalAccuracy": 0.5238532110091743,
      "DirAcc@20pctCoverage": 0.46788990825688076,
      "DirAcc@10pctCoverage": 0.41284403669724773,
      "ClassifierDirectionalAccuracy": 0.5009174311926605
    },
    "per_horizon": {
      "mae": [
        0.03152553364634514,
        0.030506601557135582,
        0.031380318105220795,
        0.07383733987808228,
        0.04233681783080101,
        0.04330068081617355,
        0.04546587914228439,
        0.042299918830394745,
        0.059990763664245605,
        0.03991246968507767
      ],
      "rmse": [
        0.042348332703113556,
        0.038724664598703384,
        0.040880460292100906,
        0.08407582342624664,
        0.05741864815354347,
        0.05481371283531189,
        0.05777739733457565,
        0.05499015003442764,
        0.07437466084957123,
        0.054123423993587494
      ],
      "directional_accuracy": [
        0.5504587155963303,
        0.46788990825688076,
        0.6422018348623854,
        0.44036697247706424,
        0.6697247706422018,
        0.47706422018348627,
        0.41284403669724773,
        0.5688073394495413,
        0.3853211009174312,
        0.6238532110091743
      ],
      "classifier_directional_accuracy": [
        0.4954128440366973,
        0.5045871559633027,
        0.5137614678899083,
        0.44036697247706424,
        0.44036697247706424,
        0.3944954128440367,
        0.5871559633027523,
        0.3944954128440367,
        0.6146788990825688,
        0.6238532110091743
      ]
    },
    "regime_segmented": {
      "stable": {
        "n_samples": 76,
        "mae": 0.04679566249251366,
        "rmse": 0.061437178403139114,
        "directional_accuracy": 0.49736842105263157,
        "classifier_directional_accuracy": 0.5052631578947369
      },
      "high_volatility": {
        "n_samples": 33,
        "mae": 0.03774524852633476,
        "rmse": 0.047530628740787506,
        "directional_accuracy": 0.5848484848484848,
        "classifier_directional_accuracy": 0.4909090909090909
      }
    },
    "event_window": {
      "n_event_origins": 7,
      "event_coverage": 0.06422018348623854,
      "DirAcc_event": 0.5,
      "DirAcc_nonevent": 0.5254901960784314,
      "MAE_event": 0.036335140466690063
    }
  },
  "ARIMA": {
    "model": "ARIMA",
    "overall": {
      "MAE": 0.0365496389567852,
      "RMSE": 0.05013496056199074,
      "MAPE": 235.5459747314453,
      "R2": -0.039559006690979004,