{
  "XGBoost_standalone": {
    "model": "XGBoost_standalone",
    "overall": {
      "MAE": 0.025774769484996796,
      "RMSE": 0.036634013056755066,
      "MAPE": 239.0759735107422,
      "R2": 0.10706031322479248,
      "DirectionalAccuracy": 0.6335164835164835
    },
    "per_horizon": {
      "mae": [
        0.009712927974760532,
        0.013570701703429222,
        0.017665114253759384,
        0.020225470885634422,
        0.023684348911046982,
        0.027946356683969498,
        0.032457057386636734,
        0.033857233822345734,
        0.038705211132764816,
        0.0399232842028141
      ],
      "rmse": [
        0.013703609816730022,
        0.01933462917804718,
        0.02454684115946293,
        0.027516232803463936,
        0.03268234431743622,
        0.03743503615260124,
        0.04252784699201584,
        0.04439151659607887,
        0.0507362000644207,
        0.05173294246196747
      ],
      "directional_accuracy": [
        0.5576923076923077,
        0.6318681318681318,
        0.6043956043956044,
        0.6703296703296703,
        0.6813186813186813,
        0.6538461538461539,
        0.6098901098901099,
        0.6675824175824175,
        0.6126373626373627,
        0.6456043956043956
      ]
    },
    "regime_segmented": {
      "stable": {
        "n_samples": 255,
        "mae": 0.020901398733258247,
        "rmse": 0.0298581775277853,
        "directional_accuracy": 0.6152941176470588
      },
      "high_volatility": {
        "n_samples": 109,
        "mae": 0.037175778299570084,
        "rmse": 0.04894963279366493,
        "directional_accuracy": 0.6761467889908257
      }
    }
  },
  "Hybrid_CNN_LSTM_Transformer": {
    "model": "Hybrid_CNN_LSTM_Transformer",
    "overall": {
      "MAE": 0.025803769007325172,
      "RMSE": 0.035763707011938095,
      "MAPE": 313.6354064941406,
      "R2": 0.14898306131362915,
      "DirectionalAccuracy": 0.6434065934065935,
      "ClassifierDirectionalAccuracy": 0.5021978021978022
    },
    "per_horizon": {
      "mae": [
        0.009611188434064388,
        0.013461078517138958,
        0.017786961048841476,
        0.020516518503427505,
        0.023919254541397095,
        0.028521332889795303,
        0.03238925710320473,
        0.034104712307453156,
        0.038266267627477646,
        0.03946110978722572
      ],
      "rmse": [
        0.013584859669208527,
        0.019171006977558136,
        0.024465225636959076,
        0.027374329045414925,
        0.03242618218064308,
        0.036864228546619415,
        0.04153367504477501,
        0.04342147707939148,
        0.04877741262316704,
        0.04990305006504059
      ],
      "directional_accuracy": [
        0.554945054945055,
        0.6263736263736264,
        0.5989010989010989,
        0.6703296703296703,
        0.6895604395604396,
        0.6483516483516484,
        0.6373626373626373,
        0.6785714285714286,
        0.6565934065934066,
        0.6730769230769231
      ],
      "classifier_directional_accuracy": [
        0.4697802197802198,
        0.5521978021978022,
        0.5494505494505495,
        0.5521978021978022,
        0.3269230769230769,
        0.5631868131868132,
        0.5439560439560439,
        0.5274725274725275,
        0.4642857142857143,
        0.4725274725274725
      ]
    },
    "regime_segmented": {
      "stable": {
        "n_samples": 255,
        "mae": 0.021458975970745087,
        "rmse": 0.029615728184580803,
        "directional_accuracy": 0.6137254901960785,
        "classifier_directional_accuracy": 0.47843137254901963
      },
      "high_volatility": {
        "n_samples": 109,
        "mae": 0.03596819192171097,
        "rmse": 0.04711037874221802,
        "directional_accuracy": 0.7128440366972477,
        "classifier_directional_accuracy": 0.5577981651376147
      }
    }
  },
  "Vanilla_LSTM": {
    "model": "Vanilla_LSTM",
    "overall": {
      "MAE": 0.027104895561933517,
      "RMSE": 0.03682180121541023,
      "MAPE": 374.9012145996094,
      "R2": 0.09788227081298828,
      "DirectionalAccuracy": 0.5928571428571429,
      "ClassifierDirectionalAccuracy": 0.4945054945054945
    },
    "per_horizon": {
      "mae": [
        0.011740574613213539,
        0.01467220950871706,
        0.020890401676297188,
        0.02038775198161602,
        0.026476409286260605,
        0.02794923074543476,
        0.0312403105199337,
        0.036708202213048935,
        0.03809105232357979,
        0.04289281368255615
      ],
      "rmse": [
        0.014703052118420601,
        0.019835898652672768,
        0.02579621411859989,
        0.02848128415644169,
        0.034135788679122925,
        0.03752873092889786,
        0.0426919162273407,
        0.045624930411577225,
        0.047866761684417725,
        0.05199095606803894
      ],
      "directional_accuracy": [
        0.5302197802197802,
        0.5686813186813187,
        0.5521978021978022,
        0.7225274725274725,
        0.6071428571428571,
        0.6620879120879121,
        0.6675824175824175,
        0.5274725274725275,
        0.5631868131868132,
        0.5274725274725275
      ],
      "classifier_directional_accuracy": [
        0.4697802197802198,
        0.5521978021978022,
        0.45054945054945056,
        0.5521978021978022,
        0.42032967032967034,
        0.4368131868131868,
        0.5439560439560439,
        0.5274725274725275,
        0.4642857142857143,
        0.5274725274725275
      ]
    },
    "regime_segmented": {
      "stable": {
        "n_samples": 255,
        "mae": 0.02370929718017578,
        "rmse": 0.03264420107007027,
        "directional_accuracy": 0.5309803921568628,
        "classifier_directional_accuracy": 0.48980392156862745
      },
      "high_volatility": {
        "n_samples": 109,
        "mae": 0.035048723220825195,
        "rmse": 0.04510826617479324,
        "directional_accuracy": 0.7376146788990826,
        "classifier_directional_accuracy": 0.5055045871559632
      }
    }
  },
  "Simplified_TFT": {
    "model": "Simplified_TFT",
    "overall": {
      "MAE": 0.03220384195446968,
      "RMSE": 0.04177763685584068,
      "MAPE": 666.7277221679688,
      "R2": -0.16129052639007568,
      "DirectionalAccuracy": 0.5497252747252748,
      "ClassifierDirectionalAccuracy": 0.4846153846153846
    },
    "per_horizon": {
      "mae": [
        0.010657829232513905,
        0.014100564643740654,
        0.02279321476817131,
        0.03721465542912483,
        0.03307513892650604,
        0.03408723324537277,
        0.0411251075565815,
        0.038954898715019226,
        0.041336022317409515,
        0.04869374260306358
      ],
      "rmse": [
        0.013964197598397732,
        0.01915156841278076,
        0.027341339737176895,
        0.044421419501304626,
        0.040211841464042664,
        0.040639109909534454,
        0.05005573853850365,
        0.04943326860666275,
        0.05197794362902641,
        0.05702327564358711
      ],
      "directional_accuracy": [
        0.5659340659340659,
        0.5521978021978022,
        0.5494505494505495,
        0.5521978021978022,
        0.5796703296703297,
        0.5631868131868132,
        0.5439560439560439,
        0.5274725274725275,
        0.5357142857142857,
        0.5274725274725275
      ],
      "classifier_directional_accuracy": [
        0.5302197802197802,
        0.4478021978021978,
        0.5164835164835165,
        0.4478021978021978,
        0.42032967032967034,
        0.4368131868131868,
        0.45604395604395603,
        0.5989010989010989,
        0.4642857142857143,
        0.5274725274725275
      ]
    },
    "regime_segmented": {
      "stable": {
        "n_samples": 255,
        "mae": 0.03164058178663254,
        "rmse": 0.04110277444124222,
        "directional_accuracy": 0.46431372549019606,
        "classifier_directional_accuracy": 0.5207843137254902
      },
      "high_volatility": {
        "n_samples": 109,
        "mae": 0.03352156654000282,