{
  "XGBoost_standalone": {
    "model": "XGBoost_standalone",
    "overall": {
      "MAE": 0.02235584333539009,
      "RMSE": 0.03212149813771248,
      "MAPE": 337.4052429199219,
      "R2": -0.15849244594573975,
      "DirectionalAccuracy": 0.5387362637362637
    },
    "per_horizon": {
      "mae": [
        0.009135638363659382,
        0.013925068080425262,
        0.018397919833660126,
        0.019760707393288612,
        0.021656634286046028,
        0.024900514632463455,
        0.026002097874879837,
        0.027740085497498512,
        0.030157025903463364,
        0.03188273683190346
      ],
      "rmse": [
        0.013522068969905376,
        0.020346907898783684,
        0.02570493146777153,
        0.028144773095846176,
        0.030629415065050125,
        0.034442659467458725,
        0.03576667606830597,
        0.037726618349552155,
        0.04022785276174545,
        0.042695436626672745
      ],
      "directional_accuracy": [
        0.5659340659340659,
        0.5467032967032966,
        0.5164835164835165,
        0.5164835164835165,
        0.5576923076923077,
        0.5521978021978022,
        0.5467032967032966,
        0.532967032967033,
        0.532967032967033,
        0.5192307692307693
      ]
    },
    "regime_segmented": {
      "stable": {
        "n_samples": 255,
        "mae": 0.01671915128827095,
        "rmse": 0.02491592802107334,
        "directional_accuracy": 0.5603921568627451
      },
      "high_volatility": {
        "n_samples": 109,
        "mae": 0.035542599856853485,
        "rmse": 0.04464609920978546,
        "directional_accuracy": 0.48807339449541287
      }
    }
  },
  "Hybrid_CNN_LSTM_Transformer": {
    "model": "Hybrid_CNN_LSTM_Transformer",
    "overall": {
      "MAE": 0.022331174463033676,
      "RMSE": 0.03210614621639252,
      "MAPE": 335.750732421875,
      "R2": -0.1573854684829712,
      "DirectionalAccuracy": 0.5384615384615384,
      "ClassifierDirectionalAccuracy": 0.5035714285714286
    },
    "per_horizon": {
      "mae": [
        0.009121043607592583,
        0.013890798203647137,
        0.018332509323954582,
        0.019719144329428673,
        0.021635377779603004,
        0.024877527728676796,
        0.02598702535033226,
        0.027734486386179924,
        0.030139628797769547,
        0.031874220818281174
      ],
      "rmse": [
        0.013513505458831787,
        0.020321985706686974,
        0.025648899376392365,
        0.028122415766119957,
        0.030611174181103706,
        0.03442636877298355,
        0.03575640171766281,
        0.03772217407822609,
        0.040219057351350784,
        0.042690031230449677
      ],
      "directional_accuracy": [
        0.5631868131868132,
        0.5467032967032966,
        0.5164835164835165,
        0.5164835164835165,
        0.5576923076923077,
        0.5521978021978022,
        0.5494505494505495,
        0.532967032967033,
        0.5302197802197802,
        0.5192307692307693
      ],
      "classifier_directional_accuracy": [
        0.46703296703296704,
        0.5054945054945055,
        0.5054945054945055,
        0.489010989010989,
        0.4945054945054945,
        0.48626373626373626,
        0.5384615384615384,
        0.5384615384615384,
        0.554945054945055,
        0.45604395604395603
      ]
    },
    "regime_segmented": {
      "stable": {
        "n_samples": 255,
        "mae": 0.01668521948158741,
        "rmse": 0.02489020861685276,
        "directional_accuracy": 0.56,
        "classifier_directional_accuracy": 0.508235294117647
      },
      "high_volatility": {
        "n_samples": 109,
        "mae": 0.03553960844874382,
        "rmse": 0.04464279115200043,
        "directional_accuracy": 0.48807339449541287,
        "classifier_directional_accuracy": 0.4926605504587156
      }
    }
  },
  "Vanilla_LSTM": {
    "model": "Vanilla_LSTM",
    "overall": {
      "MAE": 0.02014859765768051,
      "RMSE": 0.03015751577913761,
      "MAPE": 210.8485870361328,
      "R2": -0.02115762233734131,
      "DirectionalAccuracy": 0.5546703296703297,
      "ClassifierDirectionalAccuracy": 0.512087912087912
    },
    "per_horizon": {
      "mae": [
        0.009000592865049839,
        0.01257803663611412,
        0.015150949358940125,
        0.017272161319851875,
        0.0196840763092041,
        0.022339103743433952,
        0.02469453401863575,
        0.02514491230249405,
        0.02675212360918522,
        0.028869476169347763
      ],
      "rmse": [
        0.01337136048823595,
        0.018852192908525467,
        0.02271188423037529,
        0.025953710079193115,
        0.02897724136710167,
        0.031775008887052536,
        0.034708037972450256,
        0.03586047515273094,
        0.037536557763814926,
        0.04027639701962471
      ],
      "directional_accuracy": [
        0.5164835164835165,
        0.5192307692307693,
        0.5576923076923077,
        0.5631868131868132,
        0.5769230769230769,
        0.5659340659340659,
        0.5604395604395604,
        0.5494505494505495,
        0.5851648351648352,
        0.5521978021978022
      ],
      "classifier_directional_accuracy": [
        0.46703296703296704,
        0.5054945054945055,
        0.49725274725274726,
        0.510989010989011,
        0.4642857142857143,
        0.5137362637362637,
        0.5384615384615384,
        0.5384615384615384,
        0.5412087912087912,
        0.5439560439560439
      ]
    },
    "regime_segmented": {
      "stable": {
        "n_samples": 255,
        "mae": 0.01514627505093813,
        "rmse": 0.022884920239448547,
        "directional_accuracy": 0.556078431372549,
        "classifier_directional_accuracy": 0.49529411764705883
      },
      "high_volatility": {
        "n_samples": 109,
        "mae": 0.03185127303004265,
        "rmse": 0.04256680607795715,
        "directional_accuracy": 0.5513761467889908,
        "classifier_directional_accuracy": 0.5513761467889908
      }
    }
  },
  "Simplified_TFT": {
    "model": "Simplified_TFT",
    "overall": {
      "MAE": 0.024456318467855453,
      "RMSE": 0.03624561056494713,
      "MAPE": 362.35369873046875,
      "R2": -0.47506964206695557,
      "DirectionalAccuracy": 0.510989010989011,
      "ClassifierDirectionalAccuracy": 0.48736263736263735
    },
    "per_horizon": {
      "mae": [
        0.008961372077465057,
        0.01354028657078743,
        0.017407089471817017,
        0.02179117128252983,
        0.024296807125210762,
        0.02569091133773327,
        0.030427422374486923,
        0.031987693160772324,
        0.03398139774799347,
        0.03647901862859726
      ],
      "rmse": [
        0.013376167975366116,
        0.020065689459443092,
        0.024895889684557915,
        0.031108731403946877,
        0.03412366658449173,
        0.03569010645151138,
        0.04210945591330528,
        0.044849470257759094,
        0.04672015830874443,
        0.050622809678316116
      ],
      "directional_accuracy": [
        0.510989010989011,
        0.5137362637362637,
        0.5137362637362637,
        0.49725274725274726,
        0.4807692307692308,
        0.5192307692307693,
        0.521978021978022,
        0.5192307692307693,
        0.521978021978022,
        0.510989010989011
      ],
      "classifier_directional_accuracy": [
        0.46703296703296704,
        0.47802197802197804,
        0.49725274725274726,
        0.489010989010989,
        0.4945054945054945,
        0.4835164835164835,
        0.46153846153846156,
        0.5,
        0.45879120879120877,
        0.5439560439560439
      ]
    },
    "regime_segmented": {
      "stable": {
        "n_samples": 255,
        "mae": 0.017150575295090675,
        "rmse": 0.026949506253004074,
        "directional_accuracy": 0.5470588235294118,
        "classifier_directional_accuracy": 0.5101960784313726
      },
      "high_volatility": {
        "n_samples": 109,
        "mae": 0.041547734290361404,