{
  "Hybrid_CNN_LSTM_Transformer": {
    "MAE": {
      "mean": 0.020029450456301372,
      "std": 2.0153565752638034e-05,
      "values": [
        0.020045634359121323,
        0.020001040771603584,
        0.020041676238179207
      ]
    },
    "RMSE": {
      "mean": 0.028444787487387657,
      "std": 2.4167707664585345e-05,
      "values": [
        0.028465494513511658,
        0.028410885483026505,
        0.02845798246562481
      ]
    },
    "DirectionalAccuracy": {
      "mean": 0.5617514710972654,
      "std": 0.00029776134534588504,
      "values": [
        0.5620976116303219,
        0.5613707165109034,
        0.5617860851505712
      ]
    }
  },
  "ARIMA": {
    "MAE": {
      "mean": 0.019892649725079536,
      "std": 0.0,
      "values": [
        0.019892649725079536,
        0.019892649725079536,
        0.019892649725079536
      ]
    },
    "RMSE": {
      "mean": 0.02777933143079281,
      "std": 0.0,
      "values": [
        0.02777933143079281,
        0.02777933143079281,
        0.02777933143079281
      ]
    },
    "DirectionalAccuracy": {
      "mean": 0.48650051921079956,
      "std": 0.0,
      "values": [
        0.48650051921079956,
        0.48650051921079956,
        0.48650051921079956
      ]
    }
  },
  "GARCH": {
    "MAE": {
      "mean": 0.019625822082161903,
      "std": 0.0,
      "values": [
        0.019625822082161903,
        0.019625822082161903,
        0.019625822082161903
      ]
    },
    "RMSE": {
      "mean": 0.027455314993858337,
      "std": 0.0,
      "values": [
        0.027455314993858337,
        0.027455314993858337,
        0.027455314993858337
      ]
    },
    "DirectionalAccuracy": {
      "mean": 0.5768431983385255,
      "std": 0.0,
      "values": [
        0.5768431983385255,
        0.5768431983385255,
        0.5768431983385255
      ]
    }
  }
}