{
  "Hybrid_CNN_LSTM_Transformer": {
    "MAE": {
      "mean": 0.0218053696056207,
      "std": 0.0005093263524286141,
      "values": [
        0.021450497210025787,
        0.022525640204548836,
        0.021439971402287483
      ]
    },
    "RMSE": {
      "mean": 0.030085209757089615,
      "std": 0.0005447964906836201,
      "values": [
        0.029737792909145355,
        0.030854469165205956,
        0.029663367196917534
      ]
    },
    "DirectionalAccuracy": {
      "mean": 0.5060984060984061,
      "std": 0.026228588570813893,
      "values": [
        0.520997920997921,
        0.46923076923076923,
        0.5280665280665281
      ]
    }
  },
  "ARIMA": {
    "MAE": {
      "mean": 0.019875122234225273,
      "std": 0.0,
      "values": [
        0.019875122234225273,
        0.019875122234225273,
        0.019875122234225273
      ]
    },
    "RMSE": {
      "mean": 0.02776818349957466,
      "std": 0.0,
      "values": [
        0.02776818349957466,
        0.02776818349957466,
        0.02776818349957466
      ]
    },
    "DirectionalAccuracy": {
      "mean": 0.48575883575883577,
      "std": 0.0,
      "values": [
        0.48575883575883577,
        0.48575883575883577,
        0.48575883575883577
      ]
    }
  },
  "GARCH": {
    "MAE": {
      "mean": 0.019610775634646416,
      "std": 0.0,
      "values": [
        0.019610775634646416,
        0.019610775634646416,
        0.019610775634646416
      ]
    },
    "RMSE": {
      "mean": 0.027446532621979713,
      "std": 0.0,
      "values": [
        0.027446532621979713,
        0.027446532621979713,
        0.027446532621979713
      ]
    },
    "DirectionalAccuracy": {
      "mean": 0.5761954261954262,
      "std": 0.0,
      "values": [
        0.5761954261954262,
        0.5761954261954262,
        0.5761954261954262
      ]
    }
  }
}