{
  "Hybrid_CNN_LSTM_Transformer": {
    "MAE": {
      "mean": 0.022337971876064937,
      "std": 0.0006722097840353604,
      "values": [
        0.02202320657670498,
        0.023272201418876648,
        0.021718507632613182
      ]
    },
    "RMSE": {
      "mean": 0.030763151745001476,
      "std": 0.0007113878697532273,
      "values": [
        0.030485006049275398,
        0.03173953294754028,
        0.030064916238188744
      ]
    },
    "DirectionalAccuracy": {
      "mean": 0.5004158004158005,
      "std": 0.02456450417511263,
      "values": [
        0.5022869022869023,
        0.46943866943866946,
        0.5295218295218295
      ]
    }
  },
  "ARIMA": {
    "MAE": {
      "mean": 0.017030423507094383,
      "std": 0.0,
      "values": [
        0.017030423507094383,
        0.017030423507094383,
        0.017030423507094383
      ]
    },
    "RMSE": {
      "mean": 0.02469632588326931,
      "std": 0.0,
      "values": [
        0.02469632588326931,
        0.02469632588326931,
        0.02469632588326931
      ]
    },
    "DirectionalAccuracy": {
      "mean": 0.5175,
      "std": 0.0,
      "values": [
        0.5175,
        0.5175,
        0.5175
      ]
    }
  },
  "GARCH": {
    "MAE": {
      "mean": 0.01679384522140026,
      "std": 0.0,
      "values": [
        0.01679384522140026,
        0.01679384522140026,
        0.01679384522140026
      ]
    },
    "RMSE": {
      "mean": 0.024509914219379425,
      "std": 0.0,
      "values": [
        0.024509914219379425,
        0.024509914219379425,
        0.024509914219379425
      ]
    },
    "DirectionalAccuracy": {
      "mean": 0.5975,
      "std": 0.0,
      "values": [
        0.5975,
        0.5975,
        0.5975
      ]
    }
  }
}