{
  "Hybrid_CNN_LSTM_Transformer": {
    "MAE": {
      "mean": 0.021831395104527473,
      "std": 0.0005998904093774669,
      "values": [
        0.02153414487838745,
        0.022668158635497093,
        0.021291881799697876
      ]
    },
    "RMSE": {
      "mean": 0.030092153698205948,
      "std": 0.0006660780125710977,
      "values": [
        0.029846355319023132,
        0.03100256621837616,
        0.02942753955721855
      ]
    },
    "DirectionalAccuracy": {
      "mean": 0.5099099099099099,
      "std": 0.024688289503683084,
      "values": [
        0.5155925155925156,
        0.4772349272349272,
        0.5369022869022869
      ]
    }
  },
  "ARIMA": {
    "MAE": {
      "mean": 0.019875122234225273,
      "std": 0.0,
      "values": [
        0.019875122234225273,
        0.019875122234225273,
        0.019875122234225273
      ]
    },
    "RMSE": {
      "mean": 0.02776818349957466,
      "std": 0.0,
      "values": [
        0.02776818349957466,
        0.02776818349957466,
        0.02776818349957466
      ]
    },
    "DirectionalAccuracy": {
      "mean": 0.48575883575883577,
      "std": 0.0,
      "values": [
        0.48575883575883577,
        0.48575883575883577,
        0.48575883575883577
      ]
    }
  },
  "GARCH": {
    "MAE": {
      "mean": 0.019610775634646416,
      "std": 0.0,
      "values": [
        0.019610775634646416,
        0.019610775634646416,
        0.019610775634646416
      ]
    },
    "RMSE": {
      "mean": 0.027446532621979713,
      "std": 0.0,
      "values": [
        0.027446532621979713,
        0.027446532621979713,
        0.027446532621979713
      ]
    },
    "DirectionalAccuracy": {
      "mean": 0.5761954261954262,
      "std": 0.0,
      "values": [
        0.5761954261954262,
        0.5761954261954262,
        0.5761954261954262
      ]
    }
  }
}