{
  "XGBoost_standalone": {
    "MAE": {
      "mean": 0.027354943255583446,
      "std": 0.004857118194139304,
      "values": [
        0.025774769484996796,
        0.03393421694636345,
        0.02235584333539009
      ]
    },
    "RMSE": {
      "mean": 0.03778269017736117,
      "std": 0.005155672358899953,
      "values": [
        0.036634013056755066,
        0.04459255933761597,
        0.03212149813771248
      ]
    },
    "DirectionalAccuracy": {
      "mean": 0.5868131868131868,
      "std": 0.03870605165825651,
      "values": [
        0.6335164835164835,
        0.5881868131868132,
        0.5387362637362637
      ]
    }
  },
  "Hybrid_CNN_LSTM_Transformer": {
    "MAE": {
      "mean": 0.027330716451009113,
      "std": 0.0048667425935739065,
      "values": [
        0.02573399990797043,
        0.03392697498202324,
        0.022331174463033676
      ]
    },
    "RMSE": {
      "mean": 0.03776150072614352,
      "std": 0.005160995757991407,
      "values": [
        0.03659336268901825,
        0.04458499327301979,
        0.03210614621639252
      ]
    },
    "DirectionalAccuracy": {
      "mean": 0.5870879120879121,
      "std": 0.03959158826632123,
      "values": [
        0.6354395604395604,
        0.5873626373626374,
        0.5384615384615384
      ]
    }
  },
  "Vanilla_LSTM": {
    "MAE": {
      "mean": 0.03040781244635582,
      "std": 0.008968424864932273,
      "values": [
        0.02907906472682953,
        0.04199577495455742,
        0.02014859765768051
      ]
    },
    "RMSE": {
      "mean": 0.04175903461873531,
      "std": 0.011051295369446277,
      "values": [
        0.038490600883960724,
        0.056628987193107605,
        0.03015751577913761
      ]
    },
    "DirectionalAccuracy": {
      "mean": 0.5454212454212455,
      "std": 0.03791629040076268,
      "values": [
        0.5865384615384616,
        0.4950549450549451,
        0.5546703296703297
      ]
    }
  },
  "Simplified_TFT": {
    "MAE": {
      "mean": 0.03068157595892747,
      "std": 0.0062315445635818464,
      "values": [
        0.028392089530825615,
        0.03919631987810135,
        0.024456318467855453
      ]
    },
    "RMSE": {
      "mean": 0.04221809779604276,
      "std": 0.0068327462673759744,
      "values": [
        0.03862584009766579,
        0.051782842725515366,
        0.03624561056494713
      ]
    },
    "DirectionalAccuracy": {
      "mean": 0.5248168498168498,
      "std": 0.024161598100991017,
      "values": [
        0.5587912087912088,
        0.5046703296703297,
        0.510989010989011
      ]
    }
  },
  "ARIMA": {
    "MAE": {
      "mean": 0.0270782932639122,
      "std": 0.007048366157983089,
      "values": [
        0.02807910181581974,
        0.03516671806573868,
        0.017989059910178185
      ]
    },
    "RMSE": {
      "mean": 0.03779011406004429,
      "std": 0.00798528994996871,
      "values": [
        0.04153084754943848,
        0.04514755681157112,
        0.026691937819123268
      ]
    },
    "DirectionalAccuracy": {
      "mean": 0.5299999999999999,
      "std": 0.043011626335213125,
      "values": [
        0.475,
        0.58,
        0.535
      ]
    }
  },
  "Random_Walk_Drift": {
    "MAE": {
      "mean": 0.027865275740623474,
      "std": 0.006362569017550883,
      "values": [
        0.027526406571269035,
        0.03582170605659485,
        0.02024771459400654
      ]
    },
    "RMSE": {
      "mean": 0.03888274046281973,
      "std": 0.007212216993947401,
      "values": [
        0.03910917788743973,
        0.04760047048330307,
        0.029938573017716408
      ]
    },
    "DirectionalAccuracy": {
      "mean": 0.5116300366300366,
      "std": 0.025748401546716454,
      "values": [
        0.5461538461538461,
        0.5043956043956044,
        0.48434065934065934
      ]
    }
  }
}