{
  "Hybrid_CNN_LSTM_Transformer": {
    "MAE": {
      "mean": 0.021625603859623272,
      "std": 2.5457879833097512e-05,
      "values": [
        0.02165042795240879,
        0.02159060910344124,
        0.02163577452301979
      ]
    },
    "RMSE": {
      "mean": 0.029713714495301247,
      "std": 3.001133544038544e-05,
      "values": [
        0.02973894216120243,
        0.02967154234647751,
        0.0297306589782238
      ]
    },
    "DirectionalAccuracy": {
      "mean": 0.5338871581862236,
      "std": 0.0004968051261477191,
      "values": [
        0.5345794392523364,
        0.5336448598130841,
        0.5334371754932502
      ]
    }
  },
  "ARIMA": {
    "MAE": {
      "mean": 0.019892649725079536,
      "std": 0.0,
      "values": [
        0.019892649725079536,
        0.019892649725079536,
        0.019892649725079536
      ]
    },
    "RMSE": {
      "mean": 0.02777933143079281,
      "std": 0.0,
      "values": [
        0.02777933143079281,
        0.02777933143079281,
        0.02777933143079281
      ]
    },
    "DirectionalAccuracy": {
      "mean": 0.48650051921079956,
      "std": 0.0,
      "values": [
        0.48650051921079956,
        0.48650051921079956,
        0.48650051921079956
      ]
    }
  },
  "GARCH": {
    "MAE": {
      "mean": 0.019625822082161903,
      "std": 0.0,
      "values": [
        0.019625822082161903,
        0.019625822082161903,
        0.019625822082161903
      ]
    },
    "RMSE": {
      "mean": 0.027455314993858337,
      "std": 0.0,
      "values": [
        0.027455314993858337,
        0.027455314993858337,
        0.027455314993858337
      ]
    },
    "DirectionalAccuracy": {
      "mean": 0.5768431983385255,
      "std": 0.0,
      "values": [
        0.5768431983385255,
        0.5768431983385255,
        0.5768431983385255
      ]
    }
  }
}