{
  "Hybrid_CNN_LSTM_Transformer": {
    "MAE": {
      "mean": 0.022089915350079536,
      "std": 2.6309953788055404e-05,
      "values": [
        0.022127116098999977,
        0.022070683538913727,
        0.022071946412324905
      ]
    },
    "RMSE": {
      "mean": 0.03035065531730652,
      "std": 3.004755999797951e-05,
      "values": [
        0.03037516213953495,
        0.03030833788216114,
        0.030368465930223465
      ]
    },
    "DirectionalAccuracy": {
      "mean": 0.5344755970924195,
      "std": 0.0007536012826956243,
      "values": [
        0.5337487019730011,
        0.5355140186915888,
        0.5341640706126688
      ]
    }
  },
  "ARIMA": {
    "MAE": {
      "mean": 0.019891686737537384,
      "std": 0.0,
      "values": [
        0.019891686737537384,
        0.019891686737537384,
        0.019891686737537384
      ]
    },
    "RMSE": {
      "mean": 0.027777759358286858,
      "std": 0.0,
      "values": [
        0.027777759358286858,
        0.027777759358286858,
        0.027777759358286858
      ]
    },
    "DirectionalAccuracy": {
      "mean": 0.4849428868120456,
      "std": 5.551115123125783e-17,
      "values": [
        0.48494288681204567,
        0.48494288681204567,
        0.48494288681204567
      ]
    }
  },
  "GARCH": {
    "MAE": {
      "mean": 0.01962597481906414,
      "std": 0.0,
      "values": [
        0.01962597481906414,
        0.01962597481906414,
        0.01962597481906414
      ]
    },
    "RMSE": {
      "mean": 0.02745482511818409,
      "std": 0.0,
      "values": [
        0.02745482511818409,
        0.02745482511818409,
        0.02745482511818409
      ]
    },
    "DirectionalAccuracy": {
      "mean": 0.5752855659397715,
      "std": 0.0,
      "values": [
        0.5752855659397715,
        0.5752855659397715,
        0.5752855659397715
      ]
    }
  }
}