{
  "Hybrid_CNN_LSTM_Transformer": {
    "MAE": {
      "mean": 0.020045597106218338,
      "std": 9.281566487787334e-05,
      "values": [
        0.020012252032756805,
        0.01995232328772545,
        0.02017221599817276
      ]
    },
    "RMSE": {
      "mean": 0.028383466104666393,
      "std": 9.61440054746547e-05,
      "values": [
        0.02838948927819729,
        0.028262818232178688,
        0.0284980908036232
      ]
    },
    "DirectionalAccuracy": {
      "mean": 0.5580477673935619,
      "std": 0.002732976246888481,
      "values": [
        0.5596053997923157,
        0.5603322949117342,
        0.5542056074766355
      ]
    }
  },
  "ARIMA": {
    "MAE": {
      "mean": 0.019892649725079536,
      "std": 0.0,
      "values": [
        0.019892649725079536,
        0.019892649725079536,
        0.019892649725079536
      ]
    },
    "RMSE": {
      "mean": 0.02777933143079281,
      "std": 0.0,
      "values": [
        0.02777933143079281,
        0.02777933143079281,
        0.02777933143079281
      ]
    },
    "DirectionalAccuracy": {
      "mean": 0.48650051921079956,
      "std": 0.0,
      "values": [
        0.48650051921079956,
        0.48650051921079956,
        0.48650051921079956
      ]
    }
  },
  "GARCH": {
    "MAE": {
      "mean": 0.019625822082161903,
      "std": 0.0,
      "values": [
        0.019625822082161903,
        0.019625822082161903,
        0.019625822082161903
      ]
    },
    "RMSE": {
      "mean": 0.027455314993858337,
      "std": 0.0,
      "values": [
        0.027455314993858337,
        0.027455314993858337,
        0.027455314993858337
      ]
    },
    "DirectionalAccuracy": {
      "mean": 0.5768431983385255,
      "std": 0.0,
      "values": [
        0.5768431983385255,
        0.5768431983385255,
        0.5768431983385255
      ]
    }
  }
}