{
  "Hybrid_CNN_LSTM_Transformer": {
    "MAE": {
      "mean": 0.006143377472956975,
      "std": 2.0556221756540974e-05,
      "values": [
        0.006121270824223757,
        0.006138081196695566,
        0.006170780397951603
      ]
    },
    "RMSE": {
      "mean": 0.008720848398904005,
      "std": 2.6997171921159095e-05,
      "values": [
        0.008682917803525925,
        0.00873604230582714,
        0.008743585087358952
      ]
    },
    "DirectionalAccuracy": {
      "mean": 0.47911349899261246,
      "std": 0.005121739681648782,
      "values": [
        0.47978509066487574,
        0.4850235057085292,
        0.4725319006044325
      ]
    }
  },
  "ARIMA": {
    "MAE": {
      "mean": 0.005930880084633827,
      "std": 0.0,
      "values": [
        0.005930880084633827,
        0.005930880084633827,
        0.005930880084633827
      ]
    },
    "RMSE": {
      "mean": 0.007993683218955994,
      "std": 0.0,
      "values": [
        0.007993683218955994,
        0.007993683218955994,
        0.007993683218955994
      ]
    },
    "DirectionalAccuracy": {
      "mean": 0.5625,
      "std": 0.0,
      "values": [
        0.5625,
        0.5625,
        0.5625
      ]
    }
  },
  "GARCH": {
    "MAE": {
      "mean": 0.005883213132619858,
      "std": 0.0,
      "values": [
        0.005883213132619858,
        0.005883213132619858,
        0.005883213132619858
      ]
    },
    "RMSE": {
      "mean": 0.007943620905280113,
      "std": 0.0,
      "values": [
        0.007943620905280113,
        0.007943620905280113,
        0.007943620905280113
      ]
    },
    "DirectionalAccuracy": {
      "mean": 0.56,
      "std": 0.0,
      "values": [
        0.56,
        0.56,
        0.56
      ]
    }
  }
}