{
  "Hybrid_CNN_LSTM_Transformer": {
    "MAE": {
      "mean": 0.02260152002175649,
      "std": 0.00031969975935848034,
      "values": [
        0.0221621822565794,
        0.022913647815585136,
        0.022728729993104935
      ]
    },
    "RMSE": {
      "mean": 0.03119620804985364,
      "std": 0.0005120180166756672,
      "values": [
        0.03048250824213028,
        0.031658973544836044,
        0.031447142362594604
      ]
    },
    "DirectionalAccuracy": {
      "mean": 0.5106722106722107,
      "std": 0.01151935177585084,
      "values": [
        0.5268191268191268,
        0.5007276507276507,
        0.5044698544698545
      ]
    }
  },
  "ARIMA": {
    "MAE": {
      "mean": 0.019893616437911987,
      "std": 0.0,
      "values": [
        0.019893616437911987,
        0.019893616437911987,
        0.019893616437911987
      ]
    },
    "RMSE": {
      "mean": 0.027783773839473724,
      "std": 0.0,
      "values": [
        0.027783773839473724,
        0.027783773839473724,
        0.027783773839473724
      ]
    },
    "DirectionalAccuracy": {
      "mean": 0.48523908523908527,
      "std": 0.0,
      "values": [
        0.48523908523908527,
        0.48523908523908527,
        0.48523908523908527
      ]
    }
  },
  "GARCH": {
    "MAE": {
      "mean": 0.019628064706921577,
      "std": 0.0,
      "values": [
        0.019628064706921577,
        0.019628064706921577,
        0.019628064706921577
      ]
    },
    "RMSE": {
      "mean": 0.027460910379886627,
      "std": 0.0,
      "values": [
        0.027460910379886627,
        0.027460910379886627,
        0.027460910379886627
      ]
    },
    "DirectionalAccuracy": {
      "mean": 0.5756756756756757,
      "std": 0.0,
      "values": [
        0.5756756756756757,
        0.5756756756756757,
        0.5756756756756757
      ]
    }
  }
}