{
  "Hybrid_CNN_LSTM_Transformer": {
    "MAE": {
      "mean": 0.022908352315425873,
      "std": 0.00032907217176401303,
      "values": [
        0.02337009459733963,
        0.022627199068665504,
        0.022727763280272484
      ]
    },
    "RMSE": {
      "mean": 0.03165002167224884,
      "std": 0.00035708129388955796,
      "values": [
        0.03215199336409569,
        0.031351298093795776,
        0.03144677355885506
      ]
    },
    "DirectionalAccuracy": {
      "mean": 0.5005890505890506,
      "std": 0.003921122605248334,
      "values": [
        0.49521829521829525,
        0.502079002079002,
        0.5044698544698545
      ]
    }
  },
  "ARIMA": {
    "MAE": {
      "mean": 0.019893616437911987,
      "std": 0.0,
      "values": [
        0.019893616437911987,
        0.019893616437911987,
        0.019893616437911987
      ]
    },
    "RMSE": {
      "mean": 0.027783773839473724,
      "std": 0.0,
      "values": [
        0.027783773839473724,
        0.027783773839473724,
        0.027783773839473724
      ]
    },
    "DirectionalAccuracy": {
      "mean": 0.48523908523908527,
      "std": 0.0,
      "values": [
        0.48523908523908527,
        0.48523908523908527,
        0.48523908523908527
      ]
    }
  },
  "GARCH": {
    "MAE": {
      "mean": 0.019628064706921577,
      "std": 0.0,
      "values": [
        0.019628064706921577,
        0.019628064706921577,
        0.019628064706921577
      ]
    },
    "RMSE": {
      "mean": 0.027460910379886627,
      "std": 0.0,
      "values": [
        0.027460910379886627,
        0.027460910379886627,
        0.027460910379886627
      ]
    },
    "DirectionalAccuracy": {
      "mean": 0.5756756756756757,
      "std": 0.0,
      "values": [
        0.5756756756756757,
        0.5756756756756757,
        0.5756756756756757
      ]
    }
  }
}