{
  "Hybrid_CNN_LSTM_Transformer": {
    "MAE": {
      "mean": 0.021915069470802944,
      "std": 0.000628151022287804,
      "values": [
        0.0214740838855505,
        0.022803401574492455,
        0.021467722952365875
      ]
    },
    "RMSE": {
      "mean": 0.03021061358352502,
      "std": 0.0006744257438849703,
      "values": [
        0.02976076863706112,
        0.03116389364004135,
        0.029707178473472595
      ]
    },
    "DirectionalAccuracy": {
      "mean": 0.5077269577269578,
      "std": 0.02383343134190565,
      "values": [
        0.5198544698544698,
        0.47442827442827445,
        0.5288981288981289
      ]
    }
  },
  "ARIMA": {
    "MAE": {
      "mean": 0.019875122234225273,
      "std": 0.0,
      "values": [
        0.019875122234225273,
        0.019875122234225273,
        0.019875122234225273
      ]
    },
    "RMSE": {
      "mean": 0.02776818349957466,
      "std": 0.0,
      "values": [
        0.02776818349957466,
        0.02776818349957466,
        0.02776818349957466
      ]
    },
    "DirectionalAccuracy": {
      "mean": 0.48575883575883577,
      "std": 0.0,
      "values": [
        0.48575883575883577,
        0.48575883575883577,
        0.48575883575883577
      ]
    }
  },
  "GARCH": {
    "MAE": {
      "mean": 0.019610775634646416,
      "std": 0.0,
      "values": [
        0.019610775634646416,
        0.019610775634646416,
        0.019610775634646416
      ]
    },
    "RMSE": {
      "mean": 0.027446532621979713,
      "std": 0.0,
      "values": [
        0.027446532621979713,
        0.027446532621979713,
        0.027446532621979713
      ]
    },
    "DirectionalAccuracy": {
      "mean": 0.5761954261954262,
      "std": 0.0,
      "values": [
        0.5761954261954262,
        0.5761954261954262,
        0.5761954261954262
      ]
    }
  }
}