{
  "Hybrid_CNN_LSTM_Transformer": {
    "MAE": {
      "mean": 0.021938772251208622,
      "std": 0.00011406175131678838,
      "values": [
        0.022089995443820953,
        0.021911779418587685,
        0.021814541891217232
      ]
    },
    "RMSE": {
      "mean": 0.030169618005553882,
      "std": 0.00014261846032356465,
      "values": [
        0.03036244586110115,
        0.030124420300126076,
        0.030021987855434418
      ]
    },
    "DirectionalAccuracy": {
      "mean": 0.5281066112841813,
      "std": 0.002794535533671077,
      "values": [
        0.5311526479750779,
        0.5287642782969886,
        0.5244029075804777
      ]
    }
  },
  "ARIMA": {
    "MAE": {
      "mean": 0.019892649725079536,
      "std": 0.0,
      "values": [
        0.019892649725079536,
        0.019892649725079536,
        0.019892649725079536
      ]
    },
    "RMSE": {
      "mean": 0.02777933143079281,
      "std": 0.0,
      "values": [
        0.02777933143079281,
        0.02777933143079281,
        0.02777933143079281
      ]
    },
    "DirectionalAccuracy": {
      "mean": 0.48650051921079956,
      "std": 0.0,
      "values": [
        0.48650051921079956,
        0.48650051921079956,
        0.48650051921079956
      ]
    }
  },
  "GARCH": {
    "MAE": {
      "mean": 0.019625822082161903,
      "std": 0.0,
      "values": [
        0.019625822082161903,
        0.019625822082161903,
        0.019625822082161903
      ]
    },
    "RMSE": {
      "mean": 0.027455314993858337,
      "std": 0.0,
      "values": [
        0.027455314993858337,
        0.027455314993858337,
        0.027455314993858337
      ]
    },
    "DirectionalAccuracy": {
      "mean": 0.5768431983385255,
      "std": 0.0,
      "values": [
        0.5768431983385255,
        0.5768431983385255,
        0.5768431983385255
      ]
    }
  }
}