{
  "Hybrid_CNN_LSTM_Transformer": {
    "MAE": {
      "mean": 0.020818510403235752,
      "std": 0.0002489651273805783,
      "values": [
        0.02105432003736496,
        0.020474174991250038,
        0.020927036181092262
      ]
    },
    "RMSE": {
      "mean": 0.028779109939932823,
      "std": 0.0003880355336167526,
      "values": [
        0.02913602814078331,
        0.0282396599650383,
        0.02896164171397686
      ]
    },
    "DirectionalAccuracy": {
      "mean": 0.5261261261261261,
      "std": 0.004049461063061775,
      "values": [
        0.5248440748440748,
        0.5316008316008316,
        0.521933471933472
      ]
    }
  },
  "Vanilla_LSTM": {
    "MAE": {
      "mean": 0.02207231769959132,
      "std": 0.0022203555156484296,
      "values": [
        0.02506084181368351,
        0.021412627771496773,
        0.019743483513593674
      ]
    },
    "RMSE": {
      "mean": 0.03097936014334361,
      "std": 0.003346132886517981,
      "values": [
        0.03553099185228348,
        0.02982465736567974,
        0.027582431212067604
      ]
    },
    "DirectionalAccuracy": {
      "mean": 0.50987525987526,
      "std": 0.019713829581914408,
      "values": [
        0.48731808731808735,
        0.506964656964657,
        0.5353430353430353
      ]
    }
  },
  "Simplified_TFT": {
    "MAE": {
      "mean": 0.020404537518819172,
      "std": 0.0004187423649075573,
      "values": [
        0.020509017631411552,
        0.020857105031609535,
        0.019847489893436432
      ]
    },
    "RMSE": {
      "mean": 0.028284992401798565,
      "std": 0.0004727515469674312,
      "values": [
        0.0283247921615839,
        0.028843065723776817,
        0.02768711932003498
      ]
    },
    "DirectionalAccuracy": {
      "mean": 0.5407830907830907,
      "std": 0.008413039829836011,
      "values": [
        0.5441787941787942,
        0.5489604989604989,
        0.5292099792099793
      ]
    }
  },
  "ARIMA": {
    "MAE": {
      "mean": 0.017030423507094383,
      "std": 0.0,
      "values": [
        0.017030423507094383,
        0.017030423507094383,
        0.017030423507094383
      ]
    },
    "RMSE": {
      "mean": 0.02469632588326931,
      "std": 0.0,
      "values": [
        0.02469632588326931,
        0.02469632588326931,
        0.02469632588326931
      ]
    },
    "DirectionalAccuracy": {
      "mean": 0.5175,
      "std": 0.0,
      "values": [
        0.5175,
        0.5175,
        0.5175
      ]
    }
  },
  "Random_Walk_Drift": {
    "MAE": {
      "mean": 0.019595203921198845,
      "std": 0.0,
      "values": [
        0.019595203921198845,
        0.019595203921198845,
        0.019595203921198845
      ]
    },
    "RMSE": {
      "mean": 0.027421483770012856,
      "std": 0.0,
      "values": [
        0.027421483770012856,
        0.027421483770012856,
        0.027421483770012856
      ]
    },
    "DirectionalAccuracy": {
      "mean": 0.577027027027027,
      "std": 0.0,
      "values": [
        0.577027027027027,
        0.577027027027027,
        0.577027027027027
      ]
    }
  }
}