{
  "Hybrid_CNN_LSTM_Transformer": {
    "MAE": {
      "mean": 0.025202035903930664,
      "std": 0.0,
      "values": [
        0.025202035903930664
      ]
    },
    "RMSE": {
      "mean": 0.037780795246362686,
      "std": 0.0,
      "values": [
        0.037780795246362686
      ]
    },
    "DirectionalAccuracy": {
      "mean": 0.5480188045668234,
      "std": 0.0,
      "values": [
        0.5480188045668234
      ]
    }
  },
  "ARIMA": {
    "MAE": {
      "mean": 0.022973662242293358,
      "std": 0.0,
      "values": [
        0.022973662242293358
      ]
    },
    "RMSE": {
      "mean": 0.03513405844569206,
      "std": 0.0,
      "values": [
        0.03513405844569206
      ]
    },
    "DirectionalAccuracy": {
      "mean": 0.4961047683008731,
      "std": 0.0,
      "values": [
        0.4961047683008731
      ]
    }
  },
  "GARCH": {
    "MAE": {
      "mean": 0.022906534373760223,
      "std": 0.0,
      "values": [
        0.022906534373760223
      ]
    },
    "RMSE": {
      "mean": 0.03509372100234032,
      "std": 0.0,
      "values": [
        0.03509372100234032
      ]
    },
    "DirectionalAccuracy": {
      "mean": 0.5219610476830088,
      "std": 0.0,
      "values": [
        0.5219610476830088
      ]
    }
  },
  "_meta": {
    "pair": "XAU/USD",
    "slug": "XAUUSD",
    "interval": "1d",
    "seeds": [
      9
    ],
    "n_test": null
  }
}