{
  "pair": "XAU/USD",
  "n_test": 9297,
  "repro_spearman": 0.3301539847628197,
  "bootstrap": {
    "atr_spearman": {
      "mean": 0.020431966547339954,
      "ci_lo": -0.011594007614126028,
      "ci_hi": 0.051187298019205844,
      "p": 0.0955
    },
    "atr_acc": {
      "mean": 0.011183246357903891,
      "ci_lo": -0.011961839530332734,
      "ci_hi": 0.03359969558599701,
      "p": 0.1695
    },
    "garch_spearman": {
      "mean": 0.024905731594384833,
      "ci_lo": -0.006489150398476506,
      "ci_hi": 0.05709204755327238,
      "p": 0.0555
    },
    "garch_acc": {
      "mean": 0.007020656664492281,
      "ci_lo": -0.015008697542944172,
      "ci_hi": 0.02913676886279626,
      "p": 0.271
    }
  },
  "dm": {
    "model_vs_atr": {
      "stat": 1.1070860278217212,
      "p": 0.2682567358246245
    },
    "model_vs_garch": {
      "stat": 1.1343837776264363,
      "p": 0.2566336008148753
    }
  },
  "scales": {
    "model": 0.9415245435215206,
    "atr": 1.561491884228434,
    "garch": 0.6598638364475058
  },
  "mcs": {
    "pvalues": {
      "Hybrid": 0.577,
      "GARCH_sigma": 0.577,
      "atr_pct": 1.0
    },
    "included": [
      "GARCH_sigma",
      "Hybrid",
      "atr_pct"
    ]
  },
  "significant_vs_baselines": false
}