{
  "XGBoost_standalone": {
    "model": "XGBoost_standalone",
    "overall": {
      "MAE": 0.028451431542634964,
      "RMSE": 0.04094937443733215,
      "MAPE": 222.07412719726562,
      "R2": 0.1205483078956604,
      "DirectionalAccuracy": 0.6497252747252747
    },
    "per_horizon": {
      "mae": [
        0.010227354243397713,
        0.014415966346859932,
        0.01819903589785099,
        0.022550394758582115,
        0.027089674025774002,
        0.03175044432282448,
        0.03506932780146599,
        0.03908207640051842,
        0.041398245841264725,
        0.04473179578781128
      ],
      "rmse": [
        0.01414086576551199,
        0.020413672551512718,
        0.025332050397992134,
        0.030864598229527473,
        0.03664710372686386,
        0.0428832545876503,
        0.04605741426348686,
        0.05165638029575348,
        0.05450737476348877,
        0.06012311205267906
      ],
      "directional_accuracy": [
        0.5659340659340659,
        0.6208791208791209,
        0.6785714285714286,
        0.6840659340659341,
        0.6730769230769231,
        0.6181318681318682,
        0.6730769230769231,
        0.6456043956043956,
        0.6840659340659341,
        0.6538461538461539
      ]
    },
    "regime_segmented": {
      "stable": {
        "n_samples": 255,
        "mae": 0.023017611354589462,
        "rmse": 0.033555421978235245,
        "directional_accuracy": 0.6250980392156863
      },
      "high_volatility": {
        "n_samples": 109,
        "mae": 0.04116358235478401,
        "rmse": 0.054457493126392365,
        "directional_accuracy": 0.7073394495412844
      }
    }
  },
  "Hybrid_CNN_LSTM_Transformer": {
    "model": "Hybrid_CNN_LSTM_Transformer",
    "overall": {
      "MAE": 0.028908489271998405,
      "RMSE": 0.041328009217977524,
      "MAPE": 243.24591064453125,
      "R2": 0.10420960187911987,
      "DirectionalAccuracy": 0.6239010989010989,
      "ClassifierDirectionalAccuracy": 0.49038461538461536
    },
    "per_horizon": {
      "mae": [
        0.010408362373709679,
        0.014329452067613602,
        0.018627766519784927,
        0.024058900773525238,
        0.02803138643503189,
        0.032011985778808594,
        0.03550400584936142,
        0.03874509036540985,
        0.04238402098417282,
        0.04498390480875969
      ],
      "rmse": [
        0.014374569058418274,
        0.020122399553656578,
        0.025906426832079887,
        0.03159715607762337,
        0.03687461465597153,
        0.04229450225830078,
        0.04674220830202103,
        0.052238333970308304,
        0.05583253875374794,
        0.0601620189845562
      ],
      "directional_accuracy": [
        0.510989010989011,
        0.5714285714285714,
        0.6703296703296703,
        0.6098901098901099,
        0.6648351648351648,
        0.6373626373626373,
        0.6401098901098901,
        0.6620879120879121,
        0.6428571428571429,
        0.6291208791208791
      ],
      "classifier_directional_accuracy": [
        0.5274725274725275,
        0.4532967032967033,
        0.49725274725274726,
        0.3956043956043956,
        0.49175824175824173,
        0.5439560439560439,
        0.5,
        0.554945054945055,
        0.47527472527472525,
        0.4642857142857143
      ]
    },
    "regime_segmented": {
      "stable": {
        "n_samples": 255,
        "mae": 0.023954182863235474,
        "rmse": 0.03473127260804176,
        "directional_accuracy": 0.5949019607843137,
        "classifier_directional_accuracy": 0.46
      },
      "high_volatility": {
        "n_samples": 109,
        "mae": 0.04049883037805557,
        "rmse": 0.05368246138095856,
        "directional_accuracy": 0.691743119266055,
        "classifier_directional_accuracy": 0.5614678899082569
      }
    }
  },
  "Vanilla_LSTM": {
    "model": "Vanilla_LSTM",
    "overall": {
      "MAE": 0.03105267509818077,
      "RMSE": 0.04108700901269913,
      "MAPE": 380.74090576171875,
      "R2": 0.11462658643722534,
      "DirectionalAccuracy": 0.5923076923076923,
      "ClassifierDirectionalAccuracy": 0.5151098901098901
    },
    "per_horizon": {
      "mae": [
        0.011541031301021576,
        0.015253507532179356,
        0.020929595455527306,
        0.026383748278021812,
        0.028604140505194664,
        0.03486742824316025,
        0.038468699902296066,
        0.04234890267252922,
        0.043466247618198395,
        0.04866344481706619
      ],
      "rmse": [
        0.014945206232368946,
        0.020252732560038567,
        0.02684633433818817,
        0.03315169736742973,
        0.03733300790190697,
        0.04253991320729256,
        0.04694288223981857,
        0.050850674510002136,
        0.05327101796865463,
        0.05997919291257858
      ],
      "directional_accuracy": [
        0.5961538461538461,
        0.6098901098901099,
        0.6208791208791209,
        0.5879120879120879,
        0.6538461538461539,
        0.5796703296703297,
        0.5604395604395604,
        0.5521978021978022,
        0.6181318681318682,
        0.5439560439560439
      ],
      "classifier_directional_accuracy": [
        0.521978021978022,
        0.4532967032967033,
        0.554945054945055,
        0.7197802197802198,
        0.43956043956043955,
        0.45604395604395603,
        0.46703296703296704,
        0.5247252747252747,
        0.5247252747252747,
        0.489010989010989
      ]
    },
    "regime_segmented": {
      "stable": {
        "n_samples": 255,
        "mae": 0.02835824340581894,
        "rmse": 0.038013752549886703,
        "directional_accuracy": 0.5250980392156863,
        "classifier_directional_accuracy": 0.5219607843137255
      },
      "high_volatility": {
        "n_samples": 109,
        "mae": 0.037356168031692505,
        "rmse": 0.047506365925073624,
        "directional_accuracy": 0.7495412844036697,
        "classifier_directional_accuracy": 0.4990825688073395
      }
    }
  },
  "Simplified_TFT": {
    "model": "Simplified_TFT",
    "overall": {
      "MAE": 0.031126270070672035,
      "RMSE": 0.041869089007377625,
      "MAPE": 332.2450256347656,
      "R2": 0.08060002326965332,
      "DirectionalAccuracy": 0.5552197802197802,
      "ClassifierDirectionalAccuracy": 0.512087912087912
    },
    "per_horizon": {
      "mae": [
        0.010596614331007004,
        0.016386166214942932,
        0.025989700108766556,
        0.023302678018808365,
        0.029364291578531265,
        0.03236604481935501,
        0.03662750869989395,
        0.043442729860544205,
        0.043911226093769073,
        0.04927573353052139
      ],
      "rmse": [
        0.01464021485298872,
        0.021080132573843002,
        0.030979208648204803,
        0.0314597450196743,
        0.03817053884267807,
        0.04125475138425827,
        0.04614771902561188,
        0.053437668830156326,
        0.05521233752369881,
        0.06106986105442047
      ],
      "directional_accuracy": [
        0.49175824175824173,
        0.5467032967032966,
        0.5357142857142857,
        0.6098901098901099,
        0.5824175824175825,
        0.5769230769230769,
        0.5851648351648352,
        0.5274725274725275,
        0.5769230769230769,
        0.5192307692307693
      ],
      "classifier_directional_accuracy": [
        0.5631868131868132,
        0.5467032967032966,
        0.5357142857142857,
        0.47527472527472525,
        0.42032967032967034,
        0.5439560439560439,
        0.4697802197802198,
        0.5302197802197802,
        0.5247252747252747,
        0.510989010989011
      ]
    },
    "regime_segmented": {
      "stable": {
        "n_samples": 255,
        "mae": 0.02948768250644207,
        "rmse": 0.04070860892534256,
        "directional_accuracy": 0.4768627450980392,
        "classifier_directional_accuracy": 0.46509803921568627
      },
      "high_volatility": {
        "n_samples": 109,
        "mae": 0.034959662705659866,