{
  "XGBoost_standalone": {
    "model": "XGBoost_standalone",
    "overall": {
      "MAE": 0.0367032065987587,
      "RMSE": 0.048672694712877274,
      "MAPE": 206.1891326904297,
      "R2": 0.1024705171585083,
      "DirectionalAccuracy": 0.6052197802197802
    },
    "per_horizon": {
      "mae": [
        0.015124632976949215,
        0.021841460838913918,
        0.027102787047624588,
        0.03168277442455292,
        0.03561269864439964,
        0.038098011165857315,
        0.04216066375374794,
        0.04676862806081772,
        0.052514053881168365,
        0.05612635239958763
      ],
      "rmse": [
        0.018621716648340225,
        0.027150455862283707,
        0.0338878408074379,
        0.039450205862522125,
        0.044858820736408234,
        0.048092350363731384,
        0.05327748507261276,
        0.05860736966133118,
        0.06578505039215088,
        0.07053733617067337
      ],
      "directional_accuracy": [
        0.5357142857142857,
        0.6016483516483516,
        0.6346153846153846,
        0.6428571428571429,
        0.6098901098901099,
        0.6263736263736264,
        0.6318681318681318,
        0.5906593406593407,
        0.5659340659340659,
        0.6126373626373627
      ]
    },
    "regime_segmented": {
      "stable": {
        "n_samples": 255,
        "mae": 0.03819213807582855,
        "rmse": 0.05083724111318588,
        "directional_accuracy": 0.6215686274509804
      },
      "high_volatility": {
        "n_samples": 109,
        "mae": 0.03321992605924606,
        "rmse": 0.04318711906671524,
        "directional_accuracy": 0.5669724770642202
      }
    }
  },
  "Hybrid_CNN_LSTM_Transformer": {
    "model": "Hybrid_CNN_LSTM_Transformer",
    "overall": {
      "MAE": 0.03739100694656372,
      "RMSE": 0.04918665066361427,
      "MAPE": 206.8879852294922,
      "R2": 0.08341556787490845,
      "DirectionalAccuracy": 0.5554945054945055,
      "ClassifierDirectionalAccuracy": 0.5101648351648351
    },
    "per_horizon": {
      "mae": [
        0.015238187275826931,
        0.022597549483180046,
        0.02756825089454651,
        0.031850554049015045,
        0.03685200959444046,
        0.0402805432677269,
        0.04413904622197151,
        0.048223093152046204,
        0.05128322169184685,
        0.05587759613990784
      ],
      "rmse": [
        0.018817799165844917,
        0.02740708366036415,
        0.0340634323656559,
        0.04009512439370155,
        0.04549923539161682,
        0.050677090883255005,
        0.05520961061120033,
        0.05980158969759941,
        0.06420506536960602,
        0.07025028020143509
      ],
      "directional_accuracy": [
        0.532967032967033,
        0.46153846153846156,
        0.6016483516483516,
        0.5989010989010989,
        0.5934065934065934,
        0.5576923076923077,
        0.5659340659340659,
        0.5576923076923077,
        0.532967032967033,
        0.5521978021978022
      ],
      "classifier_directional_accuracy": [
        0.532967032967033,
        0.49725274725274726,
        0.5027472527472527,
        0.4835164835164835,
        0.5686813186813187,
        0.5,
        0.5,
        0.5302197802197802,
        0.4835164835164835,
        0.5027472527472527
      ]
    },
    "regime_segmented": {
      "stable": {
        "n_samples": 255,
        "mae": 0.039023030549287796,
        "rmse": 0.05128391087055206,
        "directional_accuracy": 0.5705882352941176,
        "classifier_directional_accuracy": 0.5149019607843137
      },
      "high_volatility": {
        "n_samples": 109,
        "mae": 0.0335729606449604,
        "rmse": 0.043890491127967834,
        "directional_accuracy": 0.5201834862385321,
        "classifier_directional_accuracy": 0.4990825688073395
      }
    }
  },
  "Vanilla_LSTM": {
    "model": "Vanilla_LSTM",
    "overall": {
      "MAE": 0.038097646087408066,
      "RMSE": 0.050077538937330246,
      "MAPE": 205.150146484375,
      "R2": 0.04991185665130615,
      "DirectionalAccuracy": 0.5431318681318681,
      "ClassifierDirectionalAccuracy": 0.4956043956043956
    },
    "per_horizon": {
      "mae": [
        0.015456799417734146,
        0.023145707324147224,
        0.02853013202548027,
        0.03440564498305321,
        0.03823556378483772,
        0.04096778854727745,
        0.04411255195736885,
        0.048906657844781876,
        0.05160292610526085,
        0.055612701922655106
      ],
      "rmse": [
        0.01911291480064392,
        0.028384054079651833,
        0.03511478379368782,
        0.04236767441034317,
        0.04683353006839752,
        0.05094305798411369,
        0.05523592233657837,
        0.06116725876927376,
        0.06573368608951569,
        0.07054528594017029
      ],
      "directional_accuracy": [
        0.5384615384615384,
        0.5027472527472527,
        0.5082417582417582,
        0.5247252747252747,
        0.5521978021978022,
        0.5384615384615384,
        0.5824175824175825,
        0.5467032967032966,
        0.5686813186813187,
        0.5686813186813187
      ],
      "classifier_directional_accuracy": [
        0.46703296703296704,
        0.5,
        0.5027472527472527,
        0.4725274725274725,
        0.4835164835164835,
        0.5,
        0.5,
        0.5,
        0.5164835164835165,
        0.5137362637362637
      ]
    },
    "regime_segmented": {
      "stable": {
        "n_samples": 255,
        "mae": 0.04020462557673454,
        "rmse": 0.05269007757306099,
        "directional_accuracy": 0.5431372549019607,
        "classifier_directional_accuracy": 0.49058823529411766
      },
      "high_volatility": {
        "n_samples": 109,
        "mae": 0.033168476074934006,
        "rmse": 0.04335496202111244,
        "directional_accuracy": 0.5431192660550459,
        "classifier_directional_accuracy": 0.5073394495412844
      }
    }
  },
  "Simplified_TFT": {
    "model": "Simplified_TFT",
    "overall": {
      "MAE": 0.04416857659816742,
      "RMSE": 0.058366838842630386,
      "MAPE": 300.16949462890625,
      "R2": -0.29065537452697754,
      "DirectionalAccuracy": 0.4956043956043956,
      "ClassifierDirectionalAccuracy": 0.5032967032967033
    },
    "per_horizon": {
      "mae": [
        0.021096084266901016,
        0.022017693147063255,
        0.030332643538713455,
        0.03889672830700874,
        0.044608063995838165,
        0.04558548703789711,
        0.04750140756368637,
        0.06484902650117874,
        0.05688532814383507,
        0.06991332024335861
      ],
      "rmse": [
        0.025813953951001167,
        0.027257869020104408,
        0.03786930814385414,
        0.04847881197929382,
        0.056268855929374695,
        0.056449320167303085,
        0.05906079709529877,
        0.07945749163627625,
        0.07194054126739502,
        0.08685288578271866
      ],
      "directional_accuracy": [
        0.5576923076923077,
        0.5384615384615384,
        0.4835164835164835,
        0.48626373626373626,
        0.4340659340659341,
        0.5247252747252747,
        0.5247252747252747,
        0.5,
        0.38186813186813184,
        0.5247252747252747
      ],
      "classifier_directional_accuracy": [
        0.5384615384615384,
        0.49725274725274726,
        0.489010989010989,
        0.5274725274725275,
        0.4835164835164835,
        0.5,
        0.4945054945054945,
        0.5,
        0.5164835164835165,
        0.48626373626373626
      ]
    },
    "regime_segmented": {
      "stable": {
        "n_samples": 255,
        "mae": 0.0461777038872242,
        "rmse": 0.06086551025509834,
        "directional_accuracy": 0.4945098039215686,
        "classifier_directional_accuracy": 0.5086274509803922
      },
      "high_volatility": {
        "n_samples": 109,
        "mae": 0.03946833312511444,
        "rmse": 0.05205490440130234,
        "directional_accuracy": 0.4981651376146789,