{
  "XGBoost_standalone": {
    "model": "XGBoost_standalone",
    "overall": {
      "MAE": 0.024975309148430824,
      "RMSE": 0.036571040749549866,
      "MAPE": 808.1356201171875,
      "R2": -0.2744690179824829,
      "DirectionalAccuracy": 0.5623626373626374
    },
    "per_horizon": {
      "mae": [
        0.009871947579085827,
        0.014660109765827656,
        0.01878250390291214,
        0.02116328477859497,
        0.0242529958486557,
        0.02805308997631073,
        0.03067781962454319,
        0.03154080733656883,
        0.034244947135448456,
        0.03650557994842529
      ],
      "rmse": [
        0.01444545853883028,
        0.02080600894987583,
        0.026523960754275322,
        0.02990875579416752,
        0.03453591838479042,
        0.03889070823788643,
        0.04235345497727394,
        0.04404109716415405,
        0.047142572700977325,
        0.04973652586340904
      ],
      "directional_accuracy": [
        0.5412087912087912,
        0.5686813186813187,
        0.5357142857142857,
        0.6126373626373627,
        0.5714285714285714,
        0.5467032967032966,
        0.5302197802197802,
        0.5906593406593407,
        0.5741758241758241,
        0.5521978021978022
      ]
    },
    "regime_segmented": {
      "stable": {
        "n_samples": 255,
        "mae": 0.018672291189432144,
        "rmse": 0.02896096371114254,
        "directional_accuracy": 0.5831372549019608
      },
      "high_volatility": {
        "n_samples": 109,
        "mae": 0.03972090408205986,
        "rmse": 0.050041314214468,
        "directional_accuracy": 0.5137614678899083
      }
    }
  },
  "Hybrid_CNN_LSTM_Transformer": {
    "model": "Hybrid_CNN_LSTM_Transformer",
    "overall": {
      "MAE": 0.026613302528858185,
      "RMSE": 0.03730092942714691,
      "MAPE": 1317.257568359375,
      "R2": -0.3258485794067383,
      "DirectionalAccuracy": 0.5208791208791209,
      "ClassifierDirectionalAccuracy": 0.5082417582417582
    },
    "per_horizon": {
      "mae": [
        0.010316711850464344,
        0.013729405589401722,
        0.021744994446635246,
        0.025390302762389183,
        0.026161644607782364,
        0.02936331182718277,
        0.0338912233710289,
        0.03267933800816536,
        0.03337159380316734,
        0.03948449715971947
      ],
      "rmse": [
        0.015269365161657333,
        0.020130259916186333,
        0.027377931401133537,
        0.03200944885611534,
        0.03483118489384651,
        0.039679400622844696,
        0.046111173927783966,
        0.043598320335149765,
        0.0464407242834568,
        0.050295088440179825
      ],
      "directional_accuracy": [
        0.489010989010989,
        0.5604395604395604,
        0.510989010989011,
        0.47802197802197804,
        0.49725274725274726,
        0.5412087912087912,
        0.5439560439560439,
        0.5467032967032966,
        0.5467032967032966,
        0.4945054945054945
      ],
      "classifier_directional_accuracy": [
        0.5302197802197802,
        0.4807692307692308,
        0.5082417582417582,
        0.5054945054945055,
        0.5164835164835165,
        0.5302197802197802,
        0.46153846153846156,
        0.5604395604395604,
        0.45879120879120877,
        0.5302197802197802
      ]
    },
    "regime_segmented": {
      "stable": {
        "n_samples": 255,
        "mae": 0.02263714000582695,
        "rmse": 0.03278183937072754,
        "directional_accuracy": 0.5215686274509804,
        "classifier_directional_accuracy": 0.49058823529411766
      },
      "high_volatility": {
        "n_samples": 109,
        "mae": 0.035915326327085495,
        "rmse": 0.046176694333553314,
        "directional_accuracy": 0.5192660550458715,
        "classifier_directional_accuracy": 0.5495412844036697
      }
    }
  },
  "Vanilla_LSTM": {
    "model": "Vanilla_LSTM",
    "overall": {
      "MAE": 0.022293543443083763,
      "RMSE": 0.032432250678539276,
      "MAPE": 414.1225891113281,
      "R2": -0.0023256540298461914,
      "DirectionalAccuracy": 0.5642857142857143,
      "ClassifierDirectionalAccuracy": 0.5239010989010989
    },
    "per_horizon": {
      "mae": [
        0.008893497288227081,
        0.01481972448527813,
        0.016039662063121796,
        0.01902250573039055,
        0.021507728844881058,
        0.02590293064713478,
        0.025847097858786583,
        0.02877606451511383,
        0.02999814599752426,
        0.032128073275089264
      ],
      "rmse": [
        0.013382041826844215,
        0.020550644025206566,
        0.023759081959724426,
        0.02780708484351635,
        0.030824406072497368,
        0.035216767340898514,
        0.03566453605890274,
        0.039188265800476074,
        0.041252560913562775,
        0.043353836983442307
      ],
      "directional_accuracy": [
        0.5604395604395604,
        0.5412087912087912,
        0.6016483516483516,
        0.5906593406593407,
        0.510989010989011,
        0.5247252747252747,
        0.5824175824175825,
        0.5769230769230769,
        0.5769230769230769,
        0.5769230769230769
      ],
      "classifier_directional_accuracy": [
        0.5302197802197802,
        0.4807692307692308,
        0.5082417582417582,
        0.5054945054945055,
        0.5164835164835165,
        0.5302197802197802,
        0.5384615384615384,
        0.5604395604395604,
        0.5384615384615384,
        0.5302197802197802
      ]
    },
    "regime_segmented": {
      "stable": {
        "n_samples": 255,
        "mae": 0.01676088757812977,
        "rmse": 0.025233294814825058,
        "directional_accuracy": 0.576078431372549,
        "classifier_directional_accuracy": 0.4850980392156863
      },
      "high_volatility": {
        "n_samples": 109,
        "mae": 0.0352369099855423,
        "rmse": 0.04497811198234558,
        "directional_accuracy": 0.536697247706422,
        "classifier_directional_accuracy": 0.6146788990825688
      }
    }
  },
  "Simplified_TFT": {
    "model": "Simplified_TFT",
    "overall": {
      "MAE": 0.023667266592383385,
      "RMSE": 0.033590927720069885,
      "MAPE": 918.7542114257812,
      "R2": -0.07522332668304443,
      "DirectionalAccuracy": 0.5178571428571429,
      "ClassifierDirectionalAccuracy": 0.5142857142857142
    },
    "per_horizon": {
      "mae": [
        0.0127857755869627,
        0.013859372586011887,
        0.02023141272366047,
        0.018791252747178078,
        0.024543963372707367,
        0.025244949385523796,
        0.027032218873500824,
        0.029712244868278503,
        0.03125477954745293,
        0.033216699957847595
      ],
      "rmse": [
        0.01614765264093876,
        0.02072319947183132,
        0.026148812845349312,
        0.027094058692455292,
        0.03204503282904625,
        0.03555629029870033,
        0.037328798323869705,
        0.03960411623120308,
        0.041798900812864304,
        0.046639591455459595
      ],
      "directional_accuracy": [
        0.4697802197802198,
        0.4807692307692308,
        0.5082417582417582,
        0.5521978021978022,
        0.5164835164835165,
        0.5027472527472527,
        0.554945054945055,
        0.5494505494505495,
        0.5247252747252747,
        0.5192307692307693
      ],
      "classifier_directional_accuracy": [
        0.5302197802197802,
        0.5192307692307693,
        0.5082417582417582,
        0.521978021978022,
        0.5412087912087912,
        0.5302197802197802,
        0.46153846153846156,
        0.5192307692307693,
        0.5412087912087912,
        0.4697802197802198
      ]
    },
    "regime_segmented": {
      "stable": {
        "n_samples": 255,
        "mae": 0.018188200891017914,
        "rmse": 0.0259750597178936,
        "directional_accuracy": 0.528235294117647,
        "classifier_directional_accuracy": 0.504313725490196
      },
      "high_volatility": {
        "n_samples": 109,
        "mae": 0.03648526966571808,