{
  "checkpoint": "exports/dashboard/hybrid.pt",
  "pairs": {
    "XAG/USD": {
      "bars": 6493,
      "test_windows": 963,
      "zero_shot_diracc": 0.5201453790238837,
      "finetuned_diracc": 0.5188992731048806,
      "finetuned_mae": 0.0425117164850235,
      "own_garch_diracc": 0.48909657320872274
    },
    "EUR/USD": {
      "bars": 5869,
      "test_windows": 870,
      "zero_shot_diracc": 0.495632183908046,
      "finetuned_diracc": 0.5049425287356322,
      "finetuned_mae": 0.007924205623567104,
      "own_garch_diracc": 0.4827586206896552
    }
  }
}